Unnamed: 0,pressure_1,pressure_2,pressure_3,temperature_1,temperature_2,temperature_3,temperature_4,vibration,timestamp,pump_id,predicted_condition_Random_Forest,predicted_condition_Gradient_Boosting,predicted_condition_SVM
1705,160.4542466666671,109.25060233333402,1.926949999999983,35.72136666666667,41.25793333333332,38.61573333333333,30.72906666666667,0.5368833333333333,2024-01-02 04:25:00,PUMP_001,2,2,0
1706,160.42525666666646,109.2433933333338,1.9320466666666576,35.72011666666665,41.268349999999984,38.61236666666668,30.654266666666675,0.5345166666666668,2024-01-02 04:26:00,PUMP_001,2,2,0
1707,160.43141833333294,109.24642450000076,1.9341849999999807,35.73998333333332,41.27363333333332,38.61225,30.656783333333333,0.5296666666666666,2024-01-02 04:27:00,PUMP_001,2,2,0
1708,160.44147,109.25627916666716,1.9279316666666544,35.743900000000004,41.28501666666666,38.621950000000005,30.71343333333333,0.5340166666666666,2024-01-02 04:28:00,PUMP_001,2,2,0
1709,160.4294349999997,109.21646050000057,1.9134928333333168,35.741116666666656,41.30899999999999,38.623666666666665,30.76386666666668,0.5368833333333334,2024-01-02 04:29:00,PUMP_001,2,2,2
1710,160.45357666666715,109.24585166666728,1.9269384999999872,35.73964999999998,41.31583333333334,38.62145,30.78986666666668,0.5331833333333336,2024-01-02 04:30:00,PUMP_001,2,2,0
1711,160.44757999999956,109.25111016666726,1.9213324999999783,35.749900000000004,41.31096666666666,38.62695,30.681000000000008,0.5380000000000001,2024-01-02 04:31:00,PUMP_001,2,2,2
1712,160.45774499999968,109.2473723333338,1.922820999999989,35.748166666666656,41.31828333333332,38.628183333333325,30.67885,0.5358666666666668,2024-01-02 04:32:00,PUMP_001,2,2,2
1713,160.44296833333294,109.26661483333412,1.9205493333333248,35.7575,41.32741666666668,38.6338,30.75776666666667,0.5403333333333333,2024-01-02 04:33:00,PUMP_001,2,2,0
1714,160.43262999999976,109.2473960000002,1.9159839999999808,35.77574999999999,41.34223333333334,38.64793333333333,30.7613,0.5392833333333333,2024-01-02 04:34:00,PUMP_001,2,2,2
1715,160.67112833333394,109.42187333333388,1.951236166666652,35.79011666666666,41.37516666666668,38.66021666666666,30.81621666666668,0.5433000000000002,2024-01-02 04:35:00,PUMP_001,2,2,0
1716,160.91775666666717,108.83058033333344,1.947127999999999,35.80426666666666,41.39128333333331,38.67086666666665,30.81951666666668,0.5381166666666667,2024-01-02 04:36:00,PUMP_001,2,2,0
1717,160.9154616666677,108.84560016666684,1.929261999999988,35.81084999999998,41.38893333333333,38.67156666666667,30.78615,0.53455,2024-01-02 04:37:00,PUMP_001,2,2,0
1718,160.9188333333345,108.85436966666713,1.924678333333316,35.82536666666667,41.39991666666668,38.708166666666656,30.81206666666668,0.5330499999999999,2024-01-02 04:38:00,PUMP_001,2,2,0
1719,160.9048583333343,108.83493033333356,1.9323333333333224,35.852033333333324,41.40651666666666,38.71751666666666,30.865983333333304,0.5330500000000002,2024-01-02 04:39:00,PUMP_001,2,2,0
1720,160.91459833333445,108.83147566666706,1.935028499999984,35.861016666666664,41.42235,38.73175,30.869449999999983,0.5389833333333333,2024-01-02 04:40:00,PUMP_001,2,2,0
1721,160.88914000000054,108.81543050000047,1.933088499999986,35.86605,41.45765000000001,38.73923333333333,30.89704999999999,0.5397166666666666,2024-01-02 04:41:00,PUMP_001,2,2,0
1722,160.9134016666676,108.8607855000003,1.936913499999982,35.883,41.46505000000002,38.74956666666666,30.865333333333336,0.5393333333333332,2024-01-02 04:42:00,PUMP_001,2,2,0
1723,160.88568500000022,108.8110825000006,1.9391859999999912,35.88763333333333,41.46871666666667,38.74723333333333,30.884849999999982,0.5311666666666667,2024-01-02 04:43:00,PUMP_001,2,2,0
1724,160.90746166666668,108.84972500000042,1.9439206666666504,35.889833333333314,41.48360000000001,38.75003333333334,30.84826666666667,0.6431,2024-01-02 04:44:00,PUMP_001,0,2,0
1725,160.92878166666793,108.85318050000042,1.946181333333324,35.85651666666665,41.5007,38.74096666666666,30.84376666666665,0.5294333333333333,2024-01-02 04:45:00,PUMP_001,2,2,0
1726,160.7992633333342,109.06447800000043,1.943957333333324,35.867116666666675,41.50285000000001,38.74381666666668,30.895266666666657,0.5317333333333335,2024-01-02 04:46:00,PUMP_001,2,2,0
1727,160.79770166666762,109.06298566666727,1.9346124999999923,35.868516666666665,41.50163333333335,38.74768333333332,30.894449999999985,0.53705,2024-01-02 04:47:00,PUMP_001,2,2,0
1728,160.79466166666722,109.04507600000012,1.9367561666666568,35.88090000000001,41.51198333333336,38.7444,30.88906666666667,0.5384666666666665,2024-01-02 04:48:00,PUMP_001,2,2,0
1729,160.7905000000005,109.0707765,1.944681666666658,35.888133333333336,41.50475,38.76415,30.891883333333325,0.5340000000000001,2024-01-02 04:49:00,PUMP_001,2,2,0
1730,160.78383833333336,109.0784765000008,1.9366379999999968,35.89649999999999,41.50041666666667,38.78376666666667,30.896383333333315,0.5391666666666667,2024-01-02 04:50:00,PUMP_001,2,2,0
1731,160.77103166666726,109.05425216666676,1.9355123333333204,35.8974,41.4992,38.79626666666668,30.88876666666665,0.5428333333333334,2024-01-02 04:51:00,PUMP_001,2,2,0
1732,160.78119833333372,109.0574793333338,1.9451549999999909,35.9063,41.51485,38.80260000000001,30.899549999999987,0.5460833333333335,2024-01-02 04:52:00,PUMP_001,2,2,0
1733,160.76856000000046,109.05805700000012,1.953235833333325,35.90585,41.5144,38.79626666666669,30.898899999999973,0.5432333333333335,2024-01-02 04:53:00,PUMP_001,2,2,0
1734,160.77980166666748,109.0673356666668,1.941726666666647,35.91603333333332,41.51201666666668,38.80125000000001,30.89821666666665,0.5508333333333334,2024-01-02 04:54:00,PUMP_001,2,2,0
1735,160.78558666666763,109.05753800000018,1.950233999999988,35.9359,41.51731666666669,38.80713333333334,30.890299999999986,0.5386833333333332,2024-01-02 04:55:00,PUMP_001,2,2,0
1736,160.7200450000001,109.28360300000044,1.9535268333333256,35.94483333333334,41.52160000000001,38.808466666666654,30.89391666666665,0.5437,2024-01-02 04:56:00,PUMP_001,2,2,0
1737,160.70183833333408,109.27798250000065,1.954792499999986,35.947583333333334,41.53083333333333,38.79751666666667,30.89773333333333,0.5456666666666666,2024-01-02 04:57:00,PUMP_001,2,2,0
1738,160.66294500000032,109.24687483333378,1.960463166666656,35.93951666666666,41.526950000000014,38.806116666666654,30.892749999999992,0.5464833333333333,2024-01-02 04:58:00,PUMP_001,2,2,0
1739,160.68546000000055,109.26012533333396,1.957247999999988,35.944,41.53156666666667,38.80669999999999,30.933566666666653,0.5432,2024-01-02 04:59:00,PUMP_001,2,2,0
1740,160.68666333333385,109.28470516666708,1.9615599999999904,35.94293333333333,41.547183333333344,38.795016666666655,30.899316666666657,0.5417166666666665,2024-01-02 05:00:00,PUMP_001,2,2,0
1741,160.67798666666678,109.2373753333334,1.9537646666666453,35.955616666666664,41.54228333333332,38.80206666666666,30.896116666666654,0.5425500000000001,2024-01-02 05:01:00,PUMP_001,2,2,0
1742,160.68377499999997,109.24148233333388,1.9573309999999933,35.96028333333335,41.53526666666668,38.80584999999999,30.935849999999995,0.5469166666666666,2024-01-02 05:02:00,PUMP_001,2,2,0
1743,160.68281166666765,109.23500333333376,1.966123999999989,35.97231666666666,41.54454999999999,38.815050000000014,30.90326666666665,0.54435,2024-01-02 05:03:00,PUMP_001,2,2,0
1744,160.69470333333365,109.25891550000016,1.9519099999999927,35.96275000000001,41.54353333333334,38.8233,30.891416666666668,0.54525,2024-01-02 05:04:00,PUMP_001,2,2,0
1745,160.70479833333437,109.260741666667,1.95356033333332,35.96511666666667,41.555916666666654,38.80610000000001,30.93266666666666,0.5468333333333334,2024-01-02 05:05:00,PUMP_001,2,2,0
1746,160.62598500000053,109.3775899999998,1.9651461666666563,35.96086666666666,41.54771666666665,38.822300000000006,30.910699999999995,0.5529166666666666,2024-01-02 05:06:00,PUMP_001,2,2,0
1747,160.64771833333373,109.42213933333372,1.957377333333321,35.97368333333334,41.55948333333334,38.83693333333334,30.975850000000005,0.5503833333333333,2024-01-02 05:07:00,PUMP_001,2,2,0
1748,160.6579600000003,109.41523100000065,1.952718333333324,35.98443333333333,41.56110000000001,38.83043333333333,30.96035,0.5527833333333334,2024-01-02 05:08:00,PUMP_001,2,2,0
1749,160.65231000000048,109.41799550000032,1.9533516666666493,35.97220000000001,41.56846666666666,38.831066666666665,30.999149999999982,0.5491333333333334,2024-01-02 05:09:00,PUMP_001,2,2,0
1750,160.6218333333337,109.38893100000068,1.9534733333333216,35.98834999999999,41.57078333333334,38.83875,30.97413333333333,0.5530833333333333,2024-01-02 05:10:00,PUMP_001,0,2,0
1751,160.62178999999983,109.40833800000024,1.960810333333316,35.983633333333344,41.57261666666668,38.8301,30.957316666666667,0.5467000000000001,2024-01-02 05:11:00,PUMP_001,2,2,0
1752,160.61828333333443,109.37524116666708,1.9528354999999893,35.98578333333332,41.586216666666665,38.83950000000001,30.97471666666668,0.5570333333333333,2024-01-02 05:12:00,PUMP_001,0,2,0
1753,160.60765666666668,109.3822958333336,1.9523816666666585,35.98075000000001,41.580166666666656,38.83604999999999,30.95833333333333,0.5478833333333334,2024-01-02 05:13:00,PUMP_001,2,2,0
1754,160.6211333333339,109.37924333333424,1.948233999999991,36.00583333333335,41.58553333333332,38.83971666666666,30.975883333333343,0.5536666666666666,2024-01-02 05:14:00,PUMP_001,0,2,0
1755,160.64909833333363,109.41456516666685,1.947051499999988,36.013366666666656,41.57989999999999,38.85045000000001,30.971683333333345,0.5490166666666667,2024-01-02 05:15:00,PUMP_001,2,2,0
1756,161.0340266666667,109.663556833334,2.0015849999999986,36.02588333333335,41.596050000000005,38.846699999999984,30.944983333333337,0.5513333333333335,2024-01-02 05:16:00,PUMP_001,0,2,0
1757,161.2711766666664,109.04850383333368,1.9841088333333337,36.03393333333333,41.600966666666665,38.89645,30.97856666666667,0.5444666666666667,2024-01-02 05:17:00,PUMP_001,0,2,0
1758,161.2826283333334,109.05318733333412,1.9824058333333257,36.05306666666667,41.63463333333336,38.90678333333333,30.9876,0.5572333333333332,2024-01-02 05:18:00,PUMP_001,0,2,0
1759,161.26677500000048,109.07431416666704,1.9924213333333247,36.07611666666666,41.63123333333332,38.92044999999997,31.03226666666665,0.5506999999999997,2024-01-02 05:19:00,PUMP_001,0,2,0
1760,161.26663499999987,109.03931883333344,1.9996940000000047,36.09116666666669,41.65463333333332,38.94004999999998,31.026299999999985,0.5489999999999999,2024-01-02 05:20:00,PUMP_001,0,2,0
1761,161.2628550000002,109.03934266666649,2.0139310000000026,36.10980000000002,41.681166666666655,38.953716666666665,31.059899999999995,0.5480999999999999,2024-01-02 05:21:00,PUMP_001,0,2,0
1762,161.2587533333332,109.03457900000063,2.004389500000004,36.11815000000001,41.6903,38.97028333333331,31.077849999999987,0.5509833333333334,2024-01-02 05:22:00,PUMP_001,0,2,0
1763,161.27251166666605,109.0418700000005,1.9999005000000067,36.12058333333334,41.73196666666666,38.98201666666667,31.081933333333325,0.5551333333333335,2024-01-02 05:23:00,PUMP_001,0,2,0
1764,161.27221666666688,109.06724950000034,1.9953119999999984,36.119733333333336,41.74613333333333,39.00574999999999,31.09541666666665,0.5437666666666666,2024-01-02 05:24:00,PUMP_001,0,2,0
1765,161.25995499999985,109.07619383333368,1.9947765000000024,36.141533333333335,41.75869999999999,39.015583333333325,31.09514999999999,0.5480833333333331,2024-01-02 05:25:00,PUMP_001,0,2,0
1766,161.27280666666658,109.0679691666668,1.9954700000000047,36.15236666666668,41.76434999999999,39.02203333333332,31.14019999999997,0.5580166666666667,2024-01-02 05:26:00,PUMP_001,0,2,0
1767,161.16646000000043,109.32100033333344,1.9998436666666664,36.16906666666667,41.77049999999999,39.03441666666664,31.134466666666658,0.5503666666666667,2024-01-02 05:27:00,PUMP_001,0,2,0
1768,161.1547433333338,109.3029253333336,1.9970363333333307,36.1566,41.78493333333334,39.04554999999998,31.150149999999982,0.5475166666666667,2024-01-02 05:28:00,PUMP_001,0,2,0
1769,161.1613066666668,109.3020045000004,2.001276833333332,36.17168333333333,41.77890000000001,39.05773333333331,31.12336666666665,0.5494666666666668,2024-01-02 05:29:00,PUMP_001,0,2,0
1770,161.1788199999998,109.29586183333328,2.000361999999998,36.177116666666656,41.777483333333336,39.05928333333332,31.150999999999986,0.5565166666666669,2024-01-02 05:30:00,PUMP_001,0,2,0
1771,161.1606433333335,109.29583116666728,1.982811666666663,36.1789,41.78316666666665,39.049616666666665,31.14946666666665,0.5565333333333337,2024-01-02 05:31:00,PUMP_001,0,2,0
1772,161.1751266666668,109.31892200000014,1.9849995000000025,36.19148333333333,41.797450000000005,39.05123333333333,31.157933333333315,0.5456333333333335,2024-01-02 05:32:00,PUMP_001,0,2,0
1773,161.17743833333296,109.31458133333372,1.9912691666666635,36.18968333333333,41.80780000000001,39.065450000000006,31.152583333333325,0.5528666666666667,2024-01-02 05:33:00,PUMP_001,0,2,0
1774,161.16737499999903,109.29803633333336,1.9887146666666653,36.194316666666666,41.81583333333332,39.07331666666664,31.1865,0.5470333333333335,2024-01-02 05:34:00,PUMP_001,0,2,0
1775,161.1656783333329,109.3026296666668,1.9990896666666704,36.2055,41.833200000000005,39.07956666666666,31.199833333333327,0.5464666666666667,2024-01-02 05:35:00,PUMP_001,0,2,0
1776,161.13687833333387,109.28469633333329,2.002338,36.20165000000001,41.839000000000006,39.08275,31.15188333333332,0.5454000000000002,2024-01-02 05:36:00,PUMP_001,0,2,0
1777,161.05797833333372,109.49362633333406,2.0171718333333297,36.2284,41.83289999999999,39.08316666666667,31.151866666666663,0.5443666666666667,2024-01-02 05:37:00,PUMP_001,0,2,0
1778,161.07913166666688,109.51478816666685,2.00759116666666,36.22828333333333,41.83330000000001,39.07839999999999,31.14924999999998,0.5477666666666667,2024-01-02 05:38:00,PUMP_001,0,2,0
1779,161.06916666666666,109.4825143333341,2.007116166666662,36.24414999999998,41.85096666666667,39.08603333333331,31.14781666666665,0.5468833333333334,2024-01-02 05:39:00,PUMP_001,0,2,0
1780,161.05736333333388,109.46315066666692,2.007543833333332,36.23743333333333,41.85231666666666,39.10068333333333,31.148733333333315,0.5485666666666666,2024-01-02 05:40:00,PUMP_001,0,2,0
1781,161.06112333333317,109.4812043333338,1.9981359999999928,36.22551666666664,41.85196666666669,39.11681666666667,31.14541666666666,0.5496166666666666,2024-01-02 05:41:00,PUMP_001,0,2,0
1782,161.03752666666654,109.47160100000043,1.9999923333333325,36.23446666666668,41.840900000000005,39.12378333333332,31.16371666666665,0.5571166666666664,2024-01-02 05:42:00,PUMP_001,0,2,0
1783,161.0599283333337,109.502388,1.9985606666666635,36.23588333333334,41.85528333333334,39.12053333333333,31.14696666666664,0.5522500000000002,2024-01-02 05:43:00,PUMP_001,0,2,0
1784,161.06345166666617,109.50949466666668,1.9991598333333325,36.2273,41.84846666666668,39.12863333333332,31.17914999999998,0.5432166666666668,2024-01-02 05:44:00,PUMP_001,0,2,0
1785,161.05212166666638,109.48721949999953,2.005140333333339,36.21248333333333,41.85715,39.14253333333333,31.21056666666665,0.5495500000000002,2024-01-02 05:45:00,PUMP_001,0,2,0
1786,161.0555666666664,109.48227633333362,2.0049773333333407,36.24054999999999,41.84845000000001,39.1217,31.17819999999999,0.5500666666666666,2024-01-02 05:46:00,PUMP_001,0,2,0
1787,161.01096166666628,109.63508816666628,1.997680833333333,36.25544999999999,41.86070000000002,39.1381,31.17874999999998,0.5505666666666668,2024-01-02 05:47:00,PUMP_001,0,2,0
1788,161.01089166666603,109.6338701666668,1.9967553333333268,36.25856666666665,41.86243333333334,39.12805,31.21498333333333,0.5582333333333334,2024-01-02 05:48:00,PUMP_001,0,2,0
1789,160.9962299999998,109.61975999999986,1.9965741666666657,36.255216666666655,41.881366666666686,39.14195,31.19906666666665,0.5452166666666667,2024-01-02 05:49:00,PUMP_001,0,2,0
1790,160.99546999999973,109.62824183333376,1.9959318333333336,36.26379999999998,41.89016666666668,39.14283333333332,31.23411666666664,0.5503833333333332,2024-01-02 05:50:00,PUMP_001,0,2,0
1791,160.99591499999966,109.61665499999978,1.9902459999999924,36.271416666666674,41.88814999999999,39.15575,31.22838333333332,0.55835,2024-01-02 05:51:00,PUMP_001,0,2,0
1792,160.9797366666664,109.60163250000043,2.003443500000004,36.289583333333326,41.88651666666669,39.165716666666654,31.250149999999987,0.5537499999999999,2024-01-02 05:52:00,PUMP_001,0,2,0
1793,161.0008649999996,109.61248800000024,1.9998663333333369,36.29938333333334,41.89080000000002,39.17326666666666,31.26416666666665,0.5554333333333333,2024-01-02 05:53:00,PUMP_001,0,2,0
1794,160.99189499999966,109.59694983333355,2.0006369999999896,36.31105,41.903133333333344,39.168416666666666,31.27293333333332,0.5551833333333334,2024-01-02 05:54:00,PUMP_001,0,2,0
1795,161.00595666666695,109.62272916666744,1.9989129999999973,36.301216666666654,41.908466666666655,39.19415,31.274633333333323,0.54635,2024-01-02 05:55:00,PUMP_001,0,2,0
1796,161.01298833333323,109.61325466666683,2.0090894999999964,36.307416666666654,41.91898333333332,39.17991666666667,31.28343333333332,0.5488500000000001,2024-01-02 05:56:00,PUMP_001,0,2,0
1797,160.8574250000004,109.5107341666673,1.9987829999999995,36.26075,41.92028333333334,39.17836666666666,31.280866666666647,0.54415,2024-01-02 05:57:00,PUMP_001,0,2,0
1798,160.914808333333,109.52146133333386,1.990704833333328,36.27138333333334,41.91068333333333,39.17168333333333,31.28463333333332,0.5424833333333331,2024-01-02 05:58:00,PUMP_001,0,2,0
1799,160.89263666666676,109.5072788333338,1.9848651666666584,36.2753,41.8993,39.169966666666646,31.28934999999998,0.5523166666666666,2024-01-02 05:59:00,PUMP_001,0,2,0
1800,160.9077666666668,109.50560066666698,1.9993800000000053,36.28209999999999,41.903583333333344,39.16948333333333,31.28799999999998,0.54995,2024-01-02 06:00:00,PUMP_001,0,2,0
1801,160.89848500000068,109.49751966666716,2.0041898333333354,36.283916666666656,41.91543333333335,39.1542,31.283899999999985,0.5498833333333333,2024-01-02 06:01:00,PUMP_001,0,2,0
1802,160.88241833333336,109.49026233333396,1.9917804999999944,36.30031666666667,41.91343333333334,39.15628333333334,31.286483333333305,0.5465333333333333,2024-01-02 06:02:00,PUMP_001,0,2,0
1803,160.9111233333335,109.50248300000014,1.9970143333333368,36.28925000000001,41.92086666666668,39.157383333333335,31.289683333333304,0.5462333333333332,2024-01-02 06:03:00,PUMP_001,0,2,0
1804,160.90962666666633,109.51749216666734,2.0004055000000007,36.289666666666655,41.92686666666667,39.191299999999984,31.28236666666664,0.5439000000000002,2024-01-02 06:04:00,PUMP_001,0,2,0
1805,160.9116333333332,109.5365070000003,1.9982236666666664,36.2976,41.92653333333332,39.1964,31.3217,0.5466666666666666,2024-01-02 06:05:00,PUMP_001,0,2,0
1806,160.89438833333318,109.5164388333337,1.9991041666666685,36.32144999999999,41.939166666666665,39.20513333333331,31.3348,0.5442166666666668,2024-01-02 06:06:00,PUMP_001,0,2,0
1807,160.2572233333334,109.04959066666676,1.91701949999999,36.30055,41.91624999999999,39.18443333333333,31.3361,0.5387333333333333,2024-01-02 06:07:00,PUMP_001,2,2,0
1808,160.4303583333327,108.43124516666674,1.9109286666666443,36.26249999999998,41.88803333333336,39.11949999999999,31.31916666666666,0.5492500000000002,2024-01-02 06:08:00,PUMP_001,2,2,0
1809,160.4495416666665,108.45744800000004,1.9138983333333195,36.23899999999998,41.87283333333335,39.08949999999998,31.29746666666666,0.54355,2024-01-02 06:09:00,PUMP_001,2,2,0
1810,160.4542716666664,108.45244983333347,1.920076833333316,36.20743333333335,41.84573333333333,39.08254999999998,31.302949999999985,0.5451833333333335,2024-01-02 06:10:00,PUMP_001,2,2,0
1811,160.4524866666668,108.43230766666684,1.9041273333333195,36.191216666666655,41.82603333333335,39.07951666666666,31.29788333333332,0.5463333333333334,2024-01-02 06:11:00,PUMP_001,2,2,2
1812,160.44127333333353,108.41434816666668,1.9065568333333207,36.193783333333336,41.82240000000001,39.07731666666667,31.292616666666657,0.5493333333333333,2024-01-02 06:12:00,PUMP_001,2,2,2
1813,160.4464316666665,108.41894150000024,1.8965539999999907,36.19363333333334,41.8279666666667,39.08198333333333,31.29178333333332,0.5451833333333335,2024-01-02 06:13:00,PUMP_001,2,2,2
1814,160.45887999999889,108.43768183333384,1.9023044999999883,36.1942,41.82603333333335,39.083016666666666,31.3226,0.5528500000000001,2024-01-02 06:14:00,PUMP_001,2,2,2
1815,160.45109333333247,108.4456213333334,1.9038709999999863,36.19406666666666,41.82463333333335,39.08943333333334,31.293733333333325,0.5470833333333334,2024-01-02 06:15:00,PUMP_001,2,2,2
1816,160.43302833333252,108.43659166666671,1.8993596666666563,36.19315,41.825933333333325,39.085999999999984,31.33394999999999,0.5487000000000002,2024-01-02 06:16:00,PUMP_001,2,2,2
1817,160.45117166666623,108.44413366666669,1.9032708333333093,36.2247,41.83283333333335,39.09495,31.34848333333333,0.5422166666666667,2024-01-02 06:17:00,PUMP_001,2,2,2
1818,160.33762833333247,108.6828195000005,1.9192308333333248,36.23385,41.82761666666668,39.12101666666664,31.374350000000003,0.5407333333333334,2024-01-02 06:18:00,PUMP_001,2,2,2
1819,160.3213483333327,108.67948816666684,1.919784499999985,36.23431666666667,41.83966666666667,39.13599999999999,31.369833333333343,0.5486833333333333,2024-01-02 06:19:00,PUMP_001,2,2,2
1820,160.32036499999953,108.68905600000008,1.9117601666666468,36.25591666666666,41.8393,39.143166666666666,31.38675,0.5434333333333332,2024-01-02 06:20:00,PUMP_001,2,2,2
1821,160.32425833333286,108.703125666667,1.919603166666645,36.26531666666666,41.84763333333333,39.144916666666674,31.37903333333333,0.5401499999999999,2024-01-02 06:21:00,PUMP_001,2,2,2
1822,160.3470666666653,108.7029316666668,1.9202373333333207,36.26260000000001,41.86023333333334,39.14735000000001,31.40716666666665,0.5403999999999999,2024-01-02 06:22:00,PUMP_001,2,2,2
1823,160.31577500000006,108.67291883333364,1.9167754999999875,36.28565,41.85908333333335,39.16983333333333,31.45324999999999,0.5425,2024-01-02 06:23:00,PUMP_001,2,2,2
1824,160.34560333333292,108.68790233333374,1.918149166666648,36.30149999999999,41.87526666666668,39.18793333333333,31.41649999999999,0.5540666666666668,2024-01-02 06:24:00,PUMP_001,2,2,0
1825,160.337648333333,108.68163199999977,1.9288491666666487,36.30835,41.86611666666669,39.18769999999999,31.394816666666667,0.5396333333333333,2024-01-02 06:25:00,PUMP_001,2,2,0
1826,160.3496016666661,108.6675426666666,1.9167359999999845,36.31713333333332,41.87420000000001,39.1984,31.41439999999999,0.5434166666666667,2024-01-02 06:26:00,PUMP_001,2,2,2
1827,160.34595833333265,108.6710823333332,1.9287774999999792,36.32428333333333,41.899400000000014,39.21401666666668,31.397083333333324,0.541,2024-01-02 06:27:00,PUMP_001,2,2,0
1828,160.25315833333414,108.8975535000004,1.9358074999999784,36.32653333333334,41.89813333333334,39.21643333333332,31.435983333333315,0.5461333333333335,2024-01-02 06:28:00,PUMP_001,2,2,0
1829,160.2362233333331,108.86748250000014,1.9227733333333208,36.333266666666674,41.91205000000001,39.210666666666654,31.481266666666656,0.5470166666666665,2024-01-02 06:29:00,PUMP_001,2,2,0
1830,160.20745166666669,108.88720233333332,1.926231833333321,36.346250000000005,41.90163333333333,39.20263333333333,31.491466666666657,0.5544500000000003,2024-01-02 06:30:00,PUMP_001,0,2,0
1831,160.1996400000006,108.86047550000028,1.9260559999999889,36.35941666666666,41.90686666666666,39.21168333333333,31.509516666666645,0.54665,2024-01-02 06:31:00,PUMP_001,2,2,0
1832,160.21287666666677,108.8621771666667,1.9276806666666493,36.35556666666666,41.919416666666685,39.22528333333334,31.46238333333332,0.5466333333333332,2024-01-02 06:32:00,PUMP_001,2,2,0
1833,160.21943333333317,108.87288416666648,1.9306491666666543,36.35966666666668,41.91453333333334,39.21158333333334,31.45728333333333,0.5462833333333333,2024-01-02 06:33:00,PUMP_001,2,2,0
1834,160.20564833333347,108.86225733333308,1.9320439999999897,36.36088333333333,41.91458333333334,39.2192,31.49598333333333,0.5369166666666666,2024-01-02 06:34:00,PUMP_001,2,2,0
1835,160.21148999999963,108.86139183333326,1.9266391666666536,36.37263333333331,41.92200000000001,39.22275,31.460233333333328,0.5398999999999999,2024-01-02 06:35:00,PUMP_001,2,2,0
1836,160.2094833333334,108.85627033333324,1.9312658333333224,36.34856666666668,41.92393333333333,39.225783333333325,31.46059999999999,0.5456999999999999,2024-01-02 06:36:00,PUMP_001,2,2,0
1837,160.23312999999987,108.88042066666716,1.9271888333333136,36.35593333333332,41.919016666666685,39.21941666666668,31.503883333333327,0.5469333333333334,2024-01-02 06:37:00,PUMP_001,2,2,0
1838,160.1687666666664,109.01215399999997,1.9310101666666564,36.35158333333333,41.92878333333333,39.2142,31.461333333333325,0.54895,2024-01-02 06:38:00,PUMP_001,2,2,0
1839,160.17798666666656,109.0341803333335,1.9269033333333143,36.35519999999999,41.93534999999999,39.23551666666666,31.46595,0.54875,2024-01-02 06:39:00,PUMP_001,2,2,0
1840,160.16266999999988,109.02017749999992,1.920626833333314,36.360433333333326,41.95126666666668,39.22486666666667,31.460949999999983,0.5448333333333333,2024-01-02 06:40:00,PUMP_001,2,2,0
1841,160.17761999999985,109.01703649999988,1.9279654999999687,36.34568333333333,41.94978333333335,39.21846666666666,31.43691666666667,0.5488333333333331,2024-01-02 06:41:00,PUMP_001,2,2,0
1842,160.1804416666669,109.0144758333334,1.92641799999998,36.36168333333333,41.946533333333335,39.225749999999984,31.440966666666657,0.5447166666666667,2024-01-02 06:42:00,PUMP_001,2,2,0
1843,160.1872016666664,109.02505533333328,1.920597999999984,36.36694999999999,41.943266666666666,39.23023333333333,31.459533333333315,0.548316666666667,2024-01-02 06:43:00,PUMP_001,2,2,0
1844,160.20171833333256,109.02937499999967,1.9092111666666567,36.34621666666666,41.93966666666668,39.22520000000001,31.44519999999999,0.5546333333333332,2024-01-02 06:44:00,PUMP_001,0,2,0
1845,160.203954999999,109.0358105000004,1.9211984999999865,36.33756666666667,41.93544999999999,39.214716666666654,31.446266666666663,0.5544166666666666,2024-01-02 06:45:00,PUMP_001,0,2,0
1846,160.19818999999953,109.03978333333389,1.9258341666666527,36.34441666666666,41.939816666666665,39.21461666666666,31.40366666666665,0.5513,2024-01-02 06:46:00,PUMP_001,2,2,0
1847,160.19484999999972,109.01557833333314,1.9257756666666512,36.33848333333333,41.95286666666669,39.23243333333335,31.42663333333332,0.5561166666666666,2024-01-02 06:47:00,PUMP_001,0,2,0
1848,160.50386666666762,109.2663831666666,1.9485078333333223,36.35265,41.95484999999999,39.21835,31.3885,0.5519666666666668,2024-01-02 06:48:00,PUMP_001,0,2,0
1849,160.71621000000064,108.67820466666706,1.930820499999986,36.35156666666668,41.951650000000015,39.22140000000001,31.45169999999997,0.5589166666666667,2024-01-02 06:49:00,PUMP_001,0,2,0
1850,160.69117666666662,108.64189166666742,1.935665833333324,36.352916666666665,41.953833333333336,39.23248333333333,31.456849999999985,0.5500833333333331,2024-01-02 06:50:00,PUMP_001,0,2,0
1851,160.70713666666688,108.63759516666688,1.9472299999999865,36.345300000000016,41.948350000000005,39.21906666666667,31.45116666666665,0.5514499999999998,2024-01-02 06:51:00,PUMP_001,0,2,0
1852,160.70333000000042,108.65589649999986,1.950447833333324,36.35418333333333,41.95918333333334,39.21936666666667,31.45694999999999,0.5518166666666666,2024-01-02 06:52:00,PUMP_001,0,2,0
1853,160.69441166666763,108.63409400000036,1.93997766666666,36.34941666666668,41.95811666666667,39.23514999999999,31.43473333333332,0.5512833333333336,2024-01-02 06:53:00,PUMP_001,0,2,0
1854,160.67706166666605,108.63516700000024,1.945426833333322,36.3601,41.9609,39.22820000000001,31.45723333333332,0.5509833333333334,2024-01-02 06:54:00,PUMP_001,0,2,0
1855,160.72583500000073,108.677098166667,1.9425568333333207,36.36435,41.95636666666668,39.22781666666666,31.456983333333323,0.5505333333333333,2024-01-02 06:55:00,PUMP_001,2,2,0
1856,160.73813833333338,108.64959666666712,1.938482333333322,36.37386666666667,41.94733333333333,39.22413333333334,31.44474999999998,0.5524166666666666,2024-01-02 06:56:00,PUMP_001,0,2,0
1857,160.72864500000094,108.66328316666667,1.9461651666666604,36.3704,41.947800000000015,39.22471666666666,31.47181666666665,0.5577,2024-01-02 06:57:00,PUMP_001,0,2,0
1858,160.72724166666737,108.64360083333382,1.940024666666645,36.379883333333325,41.95830000000001,39.224,31.46098333333332,0.5496833333333334,2024-01-02 06:58:00,PUMP_001,2,2,0
1859,160.63813333333488,108.8940208333337,1.946661833333319,36.36483333333334,41.94893333333332,39.217533333333336,31.455133333333325,0.5501166666666665,2024-01-02 06:59:00,PUMP_001,0,2,0
1860,160.62675333333377,108.9005581666674,1.949117333333328,36.36206666666666,41.93736666666666,39.20576666666668,31.385933333333337,0.5515666666666665,2024-01-02 07:00:00,PUMP_001,0,2,0
1861,160.62238000000062,108.88758333333404,1.9549313333333176,36.36826666666666,41.93978333333335,39.207999999999984,31.39835,0.5504833333333335,2024-01-02 07:01:00,PUMP_001,2,2,0
1862,160.6361966666675,108.91687650000031,1.9583159999999835,36.36323333333334,41.93548333333333,39.20596666666666,31.35645000000001,0.5488833333333336,2024-01-02 07:02:00,PUMP_001,2,2,0
1863,160.6291816666678,108.90850166666723,1.947686333333316,36.3569,41.94270000000001,39.20495,31.344333333333324,0.5518500000000001,2024-01-02 07:03:00,PUMP_001,2,2,0
1864,160.64425500000067,108.92509083333329,1.9473151666666515,36.34540000000002,41.93183333333332,39.20911666666667,31.34969999999999,0.55105,2024-01-02 07:04:00,PUMP_001,2,2,0
1865,160.64032000000088,108.92552883333391,1.941866499999993,36.33056666666666,41.923516666666686,39.20348333333336,31.29728333333331,0.5544333333333334,2024-01-02 07:05:00,PUMP_001,0,2,0
1866,160.63437000000067,108.90893516666682,1.9483614999999928,36.3258,41.91893333333334,39.20126666666666,31.33305,0.5437,2024-01-02 07:06:00,PUMP_001,2,2,0
1867,160.6665016666674,108.92299316666674,1.9502073333333136,36.2977,41.91576666666666,39.19905000000001,31.30779999999999,0.5484666666666667,2024-01-02 07:07:00,PUMP_001,2,2,0
1868,160.66838166666724,108.92029950000024,1.942907666666652,36.27998333333332,41.8918,39.1798,31.298816666666657,0.5485166666666667,2024-01-02 07:08:00,PUMP_001,2,2,0
1869,160.5879400000006,109.14950500000022,1.9562131666666585,36.26838333333332,41.896550000000005,39.16133333333333,31.291616666666645,0.5453333333333332,2024-01-02 07:09:00,PUMP_001,2,2,0
1870,160.6079533333342,109.14079116666692,1.955872666666652,36.24574999999998,41.888600000000025,39.142633333333336,31.26944999999998,0.5501666666666666,2024-01-02 07:10:00,PUMP_001,2,2,0
1871,160.6173183333337,109.15099783333368,1.9549324999999969,36.22984999999999,41.8768,39.14269999999999,31.26869999999999,0.5519000000000001,2024-01-02 07:11:00,PUMP_001,2,2,0
1872,160.60476000000048,109.11764100000028,1.955954499999988,36.20559999999999,41.84761666666668,39.10884999999999,31.261266666666646,0.5501,2024-01-02 07:12:00,PUMP_001,2,2,0
1873,160.61396000000155,109.14231166666738,1.9636629999999933,36.18671666666666,41.83728333333333,39.085566666666665,31.265483333333307,0.5449333333333334,2024-01-02 07:13:00,PUMP_001,2,2,0
1874,160.6264916666673,109.1621881666672,1.956055833333324,36.17553333333333,41.8297,39.08848333333332,31.24029999999999,0.5456833333333334,2024-01-02 07:14:00,PUMP_001,2,2,0
1875,160.63526333333394,109.18269183333354,1.954492333333324,36.186083333333336,41.81706666666667,39.08503333333332,31.18708333333332,0.5473166666666669,2024-01-02 07:15:00,PUMP_001,2,2,0
1876,160.61994666666797,109.15223233333327,1.951475499999988,36.18166666666666,41.78928333333332,39.07298333333332,31.166049999999977,0.5421833333333334,2024-01-02 07:16:00,PUMP_001,2,2,0
1877,160.61619666666715,109.14973433333348,1.9442229999999965,36.18811666666667,41.77524999999999,39.04314999999998,31.141383333333312,0.5498,2024-01-02 07:17:00,PUMP_001,2,2,0
1878,160.6101766666668,109.15688533333376,1.9386678333333147,36.18778333333332,41.75915,39.05098333333331,31.15179999999998,0.5398833333333335,2024-01-02 07:18:00,PUMP_001,2,2,0
1879,160.56538500000028,109.30141050000016,1.9486746666666583,36.169700000000006,41.775783333333344,39.03333333333332,31.14521666666665,0.5465166666666667,2024-01-02 07:19:00,PUMP_001,2,2,0
1880,160.55662666666717,109.29459166666726,1.9608988333333213,36.14300000000001,41.76885000000001,39.02876666666666,31.15491666666665,0.5404500000000001,2024-01-02 07:20:00,PUMP_001,2,2,0
1881,160.57417833333372,109.30870633333372,1.948236999999985,36.14591666666667,41.76181666666667,39.02424999999999,31.14449999999998,0.5433166666666669,2024-01-02 07:21:00,PUMP_001,2,2,0
1882,160.5627566666673,109.32381216666694,1.948744333333323,36.13406666666666,41.77040000000001,39.00018333333331,31.15214999999999,0.5381833333333332,2024-01-02 07:22:00,PUMP_001,2,2,0
1883,160.55340000000078,109.28923950000024,1.955048166666653,36.13505000000002,41.751266666666666,39.00923333333332,31.14023333333331,0.5464333333333334,2024-01-02 07:23:00,PUMP_001,2,2,0
1884,160.5508583333339,109.308022166667,1.951398999999984,36.13203333333334,41.72718333333333,39.00134999999999,31.127133333333315,0.5433333333333333,2024-01-02 07:24:00,PUMP_001,2,2,0
1885,160.576698333334,109.3133216666665,1.94692283333332,36.12053333333335,41.70094999999999,38.99771666666666,31.12019999999999,0.5431500000000001,2024-01-02 07:25:00,PUMP_001,2,2,0
1886,160.56176833333458,109.30139983333352,1.9501348333333264,36.12340000000001,41.70450000000001,38.99796666666666,31.14768333333333,0.5484333333333334,2024-01-02 07:26:00,PUMP_001,2,2,0
1887,160.58899833333427,109.3276923333336,1.9543018333333249,36.11208333333334,41.69949999999999,38.98351666666666,31.14576666666664,0.5386666666666667,2024-01-02 07:27:00,PUMP_001,2,2,0
1888,160.5745666666674,109.31894183333358,1.948359999999992,36.10573333333336,41.698516666666656,38.97559999999999,31.14341666666664,0.5351500000000001,2024-01-02 07:28:00,PUMP_001,2,2,0
1889,160.96257500000004,109.57002116666702,2.0063544999999947,36.10440000000002,41.7191,38.975549999999984,31.14366666666664,0.5369833333333334,2024-01-02 07:29:00,PUMP_001,0,2,0
1890,161.22656333333416,108.96724416666692,1.9923435000000007,36.1171,41.72209999999999,38.98921666666665,31.145083333333325,0.5401666666666666,2024-01-02 07:30:00,PUMP_001,0,2,0
1891,161.20423166666745,108.95509183333368,1.9968188333333288,36.12633333333334,41.7278,39.01001666666666,31.106049999999986,0.5395833333333332,2024-01-02 07:31:00,PUMP_001,0,2,0
1892,161.1967316666669,108.9951165000003,1.997016833333339,36.14686666666668,41.765800000000006,39.0122,31.12341666666665,0.5397833333333332,2024-01-02 07:32:00,PUMP_001,0,2,0
1893,161.20174833333397,108.97758516666696,1.9964606666666616,36.1569,41.79968333333333,39.02314999999999,31.13866666666665,0.5368166666666666,2024-01-02 07:33:00,PUMP_001,0,2,0
1894,161.2256650000007,108.98566066666652,1.99528633333334,36.176566666666666,41.81973333333335,39.03998333333333,31.13319999999999,0.5408666666666666,2024-01-02 07:34:00,PUMP_001,0,2,0
1895,161.211525,108.96471850000044,1.9929754999999865,36.176233333333336,41.82346666666668,39.04156666666667,31.14041666666665,0.5341500000000001,2024-01-02 07:35:00,PUMP_001,0,2,0
1896,161.2020783333334,108.9580630000003,1.987354000000004,36.18291666666666,41.827849999999984,39.07163333333333,31.14028333333331,0.5407166666666667,2024-01-02 07:36:00,PUMP_001,0,2,0
1897,161.20905166666682,109.0107138333336,1.9854014999999945,36.19288333333334,41.83465,39.068166666666656,31.14333333333332,0.5383000000000001,2024-01-02 07:37:00,PUMP_001,0,2,0
1898,161.19865833333395,109.00553783333346,1.9899391666666704,36.19434999999999,41.84243333333335,39.06101666666666,31.17403333333332,0.5415333333333335,2024-01-02 07:38:00,PUMP_001,0,2,0
1899,161.18679333333375,108.97238966666684,1.9997854999999995,36.20269999999999,41.87018333333333,39.07089999999999,31.14813333333332,0.5337333333333336,2024-01-02 07:39:00,PUMP_001,0,2,0
1900,161.09790166666724,109.24149950000046,2.002088333333336,36.20081666666668,41.88871666666668,39.080683333333326,31.16443333333332,0.5335000000000001,2024-01-02 07:40:00,PUMP_001,0,2,0
1901,161.09026333333384,109.22048150000025,2.0057555,36.19823333333332,41.89383333333336,39.08806666666667,31.190533333333324,0.53185,2024-01-02 07:41:00,PUMP_001,0,2,0
1902,161.09020666666655,109.22926766666684,1.993085666666664,36.209300000000006,41.89620000000001,39.092633333333325,31.205116666666644,0.5422499999999999,2024-01-02 07:42:00,PUMP_001,0,2,0
1903,161.100256666667,109.22688000000014,1.987352666666664,36.21945,41.90436666666668,39.09394999999999,31.149583333333315,0.5383333333333334,2024-01-02 07:43:00,PUMP_001,0,2,0
1904,161.12974666666727,109.24357433333373,1.996698000000004,36.222166666666666,41.89415000000001,39.09976666666666,31.175883333333328,0.5428166666666667,2024-01-02 07:44:00,PUMP_001,0,2,0
1905,161.10688333333368,109.22321733333357,1.9908206666666688,36.22631666666666,41.88825000000002,39.12153333333332,31.173333333333325,0.5351166666666667,2024-01-02 07:45:00,PUMP_001,0,2,0
1906,161.11730333333367,109.24407233333328,1.993822499999999,36.23715,41.886600000000016,39.12318333333331,31.187533333333324,0.5349500000000001,2024-01-02 07:46:00,PUMP_001,0,2,0
1907,161.11454666666685,109.23765233333374,1.995064666666672,36.24625,41.90433333333335,39.11229999999998,31.22296666666666,0.5355666666666666,2024-01-02 07:47:00,PUMP_001,0,2,0
1908,161.11985833333412,109.23990066666664,1.997793666666671,36.24539999999999,41.90626666666667,39.131383333333325,31.25204999999998,0.5319166666666667,2024-01-02 07:48:00,PUMP_001,0,2,0
1909,161.10854999999975,109.234848,1.9967160000000057,36.254300000000015,41.92495,39.12948333333331,31.226,0.5366166666666665,2024-01-02 07:49:00,PUMP_001,0,2,0
1910,161.0082250000005,109.42684716666716,2.009281666666672,36.25673333333332,41.9257,39.13588333333333,31.272566666666656,0.5374666666666668,2024-01-02 07:50:00,PUMP_001,0,2,0
1911,161.0335100000006,109.452709,2.009106166666668,36.25621666666665,41.927133333333344,39.13769999999999,31.23336666666665,0.5302833333333334,2024-01-02 07:51:00,PUMP_001,0,2,0
1912,161.03953333333357,109.44574550000044,2.000378500000004,36.252316666666665,41.93878333333332,39.15024999999999,31.282750000000004,0.5354833333333333,2024-01-02 07:52:00,PUMP_001,0,2,0
1913,161.02566833333418,109.43645433333324,2.002526833333336,36.25129999999999,41.94755000000001,39.14773333333332,31.27621666666665,0.5334833333333335,2024-01-02 07:53:00,PUMP_001,0,2,0
1914,161.02086333333392,109.43917600000036,1.9992663333333327,36.25361666666665,41.94951666666666,39.15893333333334,31.264449999999982,0.5346833333333333,2024-01-02 07:54:00,PUMP_001,0,2,0
1915,161.03852166666687,109.47010083333356,1.9977408333333395,36.26518333333333,41.95960000000001,39.15976666666667,31.293299999999974,0.5333000000000001,2024-01-02 07:55:00,PUMP_001,0,2,0
1916,161.0196149999999,109.4248748333335,1.9986010000000043,36.2803,41.973616666666665,39.17388333333333,31.294266666666648,0.5365500000000001,2024-01-02 07:56:00,PUMP_001,0,2,0
1917,160.9880933333337,109.42290783333377,2.0028600000000054,36.2891,41.961433333333325,39.184,31.28418333333332,0.5340833333333334,2024-01-02 07:57:00,PUMP_001,0,2,0
1918,161.00650666666752,109.42437500000052,2.0010193333333284,36.30136666666667,41.97666666666666,39.18348333333333,31.292866666666647,0.5368666666666667,2024-01-02 07:58:00,PUMP_001,0,2,0
1919,161.00848833333373,109.431339666667,1.9991596666666616,36.29769999999999,41.99064999999999,39.19081666666666,31.29565,0.5421833333333335,2024-01-02 07:59:00,PUMP_001,0,2,0
1920,160.93326666666692,109.54857750000022,2.001423000000001,36.3004,41.98873333333332,39.18528333333334,31.289649999999984,0.5405833333333335,2024-01-02 08:00:00,PUMP_001,0,2,0
1921,160.94871000000015,109.56547016666704,2.0020398333333325,36.30841666666666,41.9762,39.20960000000001,31.29273333333332,0.53175,2024-01-02 08:01:00,PUMP_001,0,2,0
1922,160.94072833333394,109.57250650000024,1.997431166666664,36.32191666666668,41.99043333333332,39.21088333333333,31.30433333333332,0.5325166666666665,2024-01-02 08:02:00,PUMP_001,0,2,0
1923,160.95862333333395,109.55957516666732,2.009653166666668,36.31206666666666,42.00066666666667,39.21371666666668,31.290716666666643,0.5347333333333333,2024-01-02 08:03:00,PUMP_001,0,2,0
1924,160.94263500000025,109.57652816666663,2.003579333333331,36.32548333333333,42.01664999999999,39.21285,31.30576666666666,0.5306833333333333,2024-01-02 08:04:00,PUMP_001,0,2,0
1925,160.9219050000004,109.55166000000033,2.0117463333333334,36.309333333333335,42.017049999999976,39.21703333333334,31.29216666666665,0.5295833333333334,2024-01-02 08:05:00,PUMP_001,0,2,0
1926,160.91839500000054,109.52871083333352,2.0130625000000024,36.32156666666667,41.99821666666665,39.21663333333335,31.292499999999983,0.5301833333333331,2024-01-02 08:06:00,PUMP_001,0,2,0
1927,160.9392616666671,109.5575703333333,2.008704666666666,36.322183333333335,41.99673333333333,39.215266666666665,31.29399999999998,0.5243666666666668,2024-01-02 08:07:00,PUMP_001,0,2,0
1928,160.93476333333365,109.54631449999992,2.0045266666666675,36.336,42.00378333333333,39.2148,31.295299999999987,0.5306166666666665,2024-01-02 08:08:00,PUMP_001,0,2,0
1929,160.92297833333342,109.5650666666667,2.000682666666663,36.3406,42.01494999999998,39.21626666666666,31.33306666666668,0.5373166666666667,2024-01-02 08:09:00,PUMP_001,0,2,0
1930,160.87548333333365,109.52823966666683,2.010110999999997,36.29743333333333,42.011083333333325,39.21666666666667,31.357016666666667,0.537,2024-01-02 08:10:00,PUMP_001,0,2,0
1931,160.92460833333342,109.52475133333353,1.9960774999999928,36.30730000000001,42.00055,39.218616666666655,31.356916666666667,0.5391666666666668,2024-01-02 08:11:00,PUMP_001,0,2,0
1932,160.92307833333368,109.52848999999992,2.006344499999996,36.3115,41.989266666666666,39.20969999999999,31.32761666666666,0.5427666666666667,2024-01-02 08:12:00,PUMP_001,0,2,0
1933,160.93701500000026,109.56049316666709,2.0023828333333333,36.315250000000006,41.99205000000001,39.2185,31.313583333333323,0.5320499999999999,2024-01-02 08:13:00,PUMP_001,0,2,0
1934,160.923111666667,109.52223916666748,1.999821166666668,36.31678333333332,41.99904999999999,39.2111,31.300716666666656,0.5371666666666666,2024-01-02 08:14:00,PUMP_001,0,2,0
1935,160.91676666666666,109.52455466666702,1.9932268333333387,36.31413333333333,41.99618333333334,39.21024999999999,31.334233333333323,0.5408000000000003,2024-01-02 08:15:00,PUMP_001,0,2,0
1936,160.91894999999988,109.53179133333354,2.000942333333341,36.32019999999999,41.995133333333314,39.21509999999999,31.311583333333328,0.5339499999999998,2024-01-02 08:16:00,PUMP_001,0,2,0
1937,160.9295433333338,109.54311750000052,1.9942770000000016,36.31706666666665,41.99318333333334,39.21500000000001,31.2975,0.5357,2024-01-02 08:17:00,PUMP_001,0,2,0
1938,160.93036666666725,109.54030466666724,2.000267666666663,36.32045,41.99071666666666,39.21091666666667,31.311833333333315,0.5355000000000001,2024-01-02 08:18:00,PUMP_001,0,2,0
1939,160.92855000000043,109.5419385000003,1.9924008333333307,36.31858333333333,41.98145,39.21431666666667,31.318266666666663,0.5440333333333334,2024-01-02 08:19:00,PUMP_001,0,2,0
1940,160.26792833333263,109.05021350000004,1.9183171666666483,36.31124999999999,41.97133333333334,39.1994,31.311749999999986,0.5306166666666666,2024-01-02 08:20:00,PUMP_001,2,2,0
1941,160.4717916666666,108.47381283333353,1.9073829999999825,36.2713,41.93301666666666,39.14583333333333,31.31733333333333,0.5319333333333333,2024-01-02 08:21:00,PUMP_001,2,2,2
1942,160.47361166666596,108.48935533333372,1.903525999999984,36.24974999999999,41.90791666666668,39.11851666666665,31.29741666666666,0.5393999999999999,2024-01-02 08:22:00,PUMP_001,2,2,2
1943,160.47217166666653,108.47290366666714,1.9124458333333207,36.2191,41.88086666666666,39.10493333333333,31.295933333333323,0.5388333333333332,2024-01-02 08:23:00,PUMP_001,2,2,2
1944,160.47765166666625,108.48047833333382,1.9129796666666523,36.19756666666667,41.85905,39.08926666666665,31.28651666666665,0.5397333333333335,2024-01-02 08:24:00,PUMP_001,2,2,2
1945,160.4776033333332,108.47075016666685,1.9147671666666508,36.19901666666666,41.82866666666667,39.088016666666654,31.293716666666647,0.5350333333333334,2024-01-02 08:25:00,PUMP_001,2,2,2
1946,160.48437666666555,108.50329600000046,1.896811999999989,36.20033333333334,41.82341666666667,39.08181666666665,31.29971666666665,0.5372166666666665,2024-01-02 08:26:00,PUMP_001,2,2,2
1947,160.4892466666657,108.49441533333382,1.9097126666666464,36.206433333333344,41.82333333333335,39.07824999999998,31.29755,0.5380999999999999,2024-01-02 08:27:00,PUMP_001,2,2,2
1948,160.49212333333278,108.51669616666696,1.910307499999988,36.19996666666666,41.82865000000001,39.0886,31.312249999999988,0.5392166666666667,2024-01-02 08:28:00,PUMP_001,2,2,2
1949,160.47614499999946,108.4858178333333,1.9122186666666527,36.19993333333333,41.82331666666666,39.0956,31.337566666666664,0.5418499999999999,2024-01-02 08:29:00,PUMP_001,2,2,2
1950,160.49382999999952,108.50401666666689,1.906775166666652,36.22868333333334,41.82643333333333,39.10633333333333,31.334833333333336,0.5326500000000001,2024-01-02 08:30:00,PUMP_001,2,2,2
1951,160.3965266666656,108.74681066666705,1.9105634999999863,36.22081666666667,41.83853333333335,39.11844999999999,31.334833333333314,0.5384333333333333,2024-01-02 08:31:00,PUMP_001,2,2,2
1952,160.41581333333272,108.75686250000052,1.913185833333317,36.23445,41.84278333333335,39.13043333333333,31.34495,0.5367833333333333,2024-01-02 08:32:00,PUMP_001,2,2,2
1953,160.3765583333332,108.71205366666678,1.920323666666656,36.24399999999999,41.85345,39.15285,31.38771666666665,0.5311333333333331,2024-01-02 08:33:00,PUMP_001,2,2,2
1954,160.36131833333206,108.7169701666672,1.912063333333314,36.24878333333334,41.86558333333336,39.155816666666645,31.366833333333325,0.5396833333333333,2024-01-02 08:34:00,PUMP_001,2,2,2
1955,160.36564500000014,108.71277183333362,1.914597166666652,36.26326666666667,41.861650000000026,39.15046666666665,31.361299999999986,0.5345166666666668,2024-01-02 08:35:00,PUMP_001,2,2,2
1956,160.34813666666554,108.70331100000024,1.924715499999984,36.26160000000001,41.86456666666667,39.15565,31.34369999999999,0.5443499999999998,2024-01-02 08:36:00,PUMP_001,2,2,2
1957,160.36797166666634,108.72130350000018,1.931533499999987,36.28281666666667,41.85503333333333,39.152549999999984,31.350616666666664,0.5408499999999999,2024-01-02 08:37:00,PUMP_001,2,2,2
1958,160.36067833333288,108.69355649999996,1.9271918333333136,36.29926666666666,41.86541666666668,39.161883333333336,31.427466666666664,0.5348500000000003,2024-01-02 08:38:00,PUMP_001,2,2,2
1959,160.3625999999995,108.7308269999998,1.92396833333332,36.301233333333336,41.87548333333333,39.19233333333332,31.380966666666662,0.5370000000000001,2024-01-02 08:39:00,PUMP_001,2,2,2
1960,160.38509833333296,108.74603999999992,1.9175779999999825,36.29198333333332,41.89198333333333,39.21144999999998,31.41308333333332,0.5408833333333334,2024-01-02 08:40:00,PUMP_001,2,2,2
1961,160.29166666666643,108.91804083333356,1.9254399999999845,36.30944999999999,41.8931,39.20831666666668,31.42613333333332,0.5436833333333334,2024-01-02 08:41:00,PUMP_001,2,2,2
1962,160.3037499999999,108.9280365000003,1.922815499999984,36.31206666666666,41.90068333333334,39.20796666666668,31.41896666666665,0.5437500000000003,2024-01-02 08:42:00,PUMP_001,2,2,2
1963,160.30730333333298,108.93125883333327,1.9301968333333224,36.30438333333333,41.916450000000005,39.20379999999999,31.393349999999995,0.5369166666666668,2024-01-02 08:43:00,PUMP_001,2,2,2
1964,160.30817499999955,108.92961150000014,1.9186066666666508,36.30525,41.902516666666685,39.20863333333334,31.34071666666666,0.5465500000000003,2024-01-02 08:44:00,PUMP_001,2,2,2
1965,160.32081833333277,108.94421400000034,1.928594499999981,36.30725,41.89091666666666,39.21578333333332,31.367866666666654,0.5444166666666667,2024-01-02 08:45:00,PUMP_001,2,2,2
1966,160.27928166666655,108.90671566666686,1.923548999999985,36.31271666666668,41.89601666666668,39.21758333333332,31.39225,0.5389166666666667,2024-01-02 08:46:00,PUMP_001,2,2,2
1967,160.2730483333326,108.92790266666675,1.9294379999999849,36.32313333333333,41.9082,39.21321666666666,31.38015,0.5353833333333334,2024-01-02 08:47:00,PUMP_001,2,2,2
1968,160.25680833333314,108.89600550000024,1.930446166666652,36.3243,41.91269999999999,39.20606666666667,31.409966666666666,0.5416166666666666,2024-01-02 08:48:00,PUMP_001,2,2,2
1969,160.24626666666703,108.89847416666696,1.927239999999988,36.32591666666666,41.91866666666668,39.21848333333333,31.41453333333333,0.54185,2024-01-02 08:49:00,PUMP_001,2,2,2
1970,160.25987333333373,108.90526700000008,1.923294333333314,36.33014999999999,41.91875,39.21989999999997,31.393666666666665,0.5379500000000002,2024-01-02 08:50:00,PUMP_001,2,2,2
1971,160.19890666666672,109.05382150000004,1.922726166666659,36.32676666666666,41.92521666666667,39.22216666666667,31.37923333333333,0.5385500000000002,2024-01-02 08:51:00,PUMP_001,2,2,2
1972,160.18959666666666,109.0456316666671,1.9302623333333104,36.33673333333332,41.917833333333306,39.22955,31.378716666666666,0.5430833333333334,2024-01-02 08:52:00,PUMP_001,2,2,2
1973,160.2004616666663,109.05348616666716,1.925687499999981,36.34246666666665,41.91128333333331,39.22885,31.444116666666662,0.5442166666666667,2024-01-02 08:53:00,PUMP_001,2,2,2
1974,160.1792416666661,109.0316951666668,1.911415833333317,36.33341666666667,41.9302,39.22689999999999,31.42843333333332,0.5448166666666668,2024-01-02 08:54:00,PUMP_001,2,2,2
1975,160.18157666666656,109.02728450000038,1.9228206666666483,36.34168333333333,41.928833333333344,39.224083333333326,31.42173333333333,0.54795,2024-01-02 08:55:00,PUMP_001,2,2,2
1976,160.20314333333414,109.06187000000034,1.912864666666647,36.35276666666667,41.92278333333334,39.22358333333332,31.38471666666665,0.5444833333333334,2024-01-02 08:56:00,PUMP_001,2,2,2
1977,160.19648666666674,109.05589400000002,1.9150503333333224,36.35808333333333,41.91629999999999,39.228749999999984,31.466950000000004,0.5440833333333334,2024-01-02 08:57:00,PUMP_001,2,2,2
1978,160.18524333333363,109.04389283333366,1.9179948333333103,36.36481666666666,41.927083333333336,39.22664999999999,31.497066666666665,0.5387500000000002,2024-01-02 08:58:00,PUMP_001,2,2,2
1979,160.19260833333385,109.04263549999992,1.9222018333333144,36.371516666666665,41.93398333333334,39.23229999999998,31.48651666666666,0.5369666666666667,2024-01-02 08:59:00,PUMP_001,2,2,2
1980,160.19909499999983,109.05156516666716,1.9165584999999847,36.34748333333332,41.94405,39.21946666666667,31.42861666666668,0.5415333333333335,2024-01-02 09:00:00,PUMP_001,2,2,2
1981,160.47127666666682,109.27962916666736,1.9508286666666497,36.34649999999999,41.946333333333335,39.2325,31.45718333333332,0.5410833333333335,2024-01-02 09:01:00,PUMP_001,2,2,0
1982,160.69461833333318,108.66517700000064,1.942263999999992,36.350766666666665,41.95171666666665,39.23483333333332,31.40539999999999,0.5400333333333334,2024-01-02 09:02:00,PUMP_001,2,2,0
1983,160.70281833333362,108.65437983333344,1.930262333333323,36.3496,41.95598333333336,39.23554999999999,31.442416666666663,0.5442666666666668,2024-01-02 09:03:00,PUMP_001,2,2,0
1984,160.73063666666695,108.67994600000029,1.9353764999999847,36.3503,41.97291666666665,39.23525,31.462233333333334,0.5386833333333335,2024-01-02 09:04:00,PUMP_001,2,2,0
1985,160.70632833333374,108.66498533333343,1.929317499999992,36.351516666666654,41.97955,39.23453333333334,31.390850000000004,0.5391166666666665,2024-01-02 09:05:00,PUMP_001,2,2,0
1986,160.69837999999987,108.64920050000084,1.9371268333333287,36.35074999999999,41.99301666666666,39.23186666666666,31.44686666666665,0.5338666666666667,2024-01-02 09:06:00,PUMP_001,2,2,0
1987,160.713686666667,108.6654755,1.9457444999999896,36.35213333333334,41.99048333333334,39.23309999999999,31.41823333333333,0.5411833333333335,2024-01-02 09:07:00,PUMP_001,2,2,0
1988,160.74459000000024,108.6797986666671,1.9344831666666569,36.35583333333332,41.98168333333332,39.23876666666667,31.380516666666665,0.5415666666666665,2024-01-02 09:08:00,PUMP_001,2,2,0
1989,160.76086166666647,108.67791066666727,1.9383193333333129,36.34678333333332,41.97791666666667,39.22731666666665,31.38266666666666,0.5446333333333333,2024-01-02 09:09:00,PUMP_001,2,2,0
1990,160.80363166666717,108.73113500000034,1.9444366666666617,36.34131666666668,41.97970000000001,39.220333333333336,31.35745000000001,0.5440833333333334,2024-01-02 09:10:00,PUMP_001,2,2,0
1991,160.7631066666676,108.6840420000002,1.934501666666646,36.339433333333325,41.97443333333333,39.22598333333333,31.367316666666675,0.5518166666666666,2024-01-02 09:11:00,PUMP_001,2,2,0
1992,160.64658166666683,108.90917483333358,1.9358426666666555,36.34068333333333,41.960683333333336,39.222116666666665,31.37203333333334,0.5502833333333332,2024-01-02 09:12:00,PUMP_001,2,2,0
1993,160.65138500000086,108.93466100000032,1.9346584999999867,36.33134999999999,41.95323333333334,39.2121,31.37615,0.5452000000000001,2024-01-02 09:13:00,PUMP_001,2,2,0
1994,160.64556166666668,108.91006883333384,1.937755833333326,36.33329999999999,41.95793333333332,39.21258333333333,31.33636666666667,0.5457666666666666,2024-01-02 09:14:00,PUMP_001,2,2,0
1995,160.65025333333412,108.93785466666706,1.9320499999999847,36.31068333333333,41.95193333333335,39.19166666666668,31.367299999999982,0.5416666666666667,2024-01-02 09:15:00,PUMP_001,2,2,0
1996,160.64940000000064,108.90635533333378,1.9293326666666468,36.30523333333333,41.95301666666669,39.19438333333333,31.333416666666672,0.5399666666666667,2024-01-02 09:16:00,PUMP_001,2,2,0
1997,160.6708316666677,108.94812300000036,1.9304298333333227,36.30709999999999,41.945583333333325,39.19029999999999,31.34565000000001,0.5455333333333334,2024-01-02 09:17:00,PUMP_001,2,2,0
1998,160.64224500000086,108.92400233333376,1.9269308333333088,36.28618333333333,41.946466666666666,39.171966666666655,31.32241666666668,0.5330666666666667,2024-01-02 09:18:00,PUMP_001,2,2,2
1999,160.66169666666744,108.920956833334,1.922745666666656,36.28381666666667,41.94213333333334,39.17533333333332,31.29549999999998,0.54275,2024-01-02 09:19:00,PUMP_001,2,2,2
2000,160.6413950000013,108.94395883333368,1.9278136666666528,36.27076666666667,41.931266666666666,39.15673333333332,31.29516666666664,0.5395333333333333,2024-01-02 09:20:00,PUMP_001,2,2,2
2001,160.65463499999993,108.9347165000002,1.92886716666665,36.26059999999999,41.91823333333333,39.151066666666665,31.30793333333332,0.5428666666666666,2024-01-02 09:21:00,PUMP_001,2,2,2
2002,160.59796666666756,109.14080816666684,1.9327719999999813,36.25883333333332,41.91875000000001,39.13981666666666,31.332216666666657,0.5431499999999999,2024-01-02 09:22:00,PUMP_001,2,2,0
2003,160.5629633333337,109.11381383333377,1.9410041666666584,36.25536666666665,41.91315,39.1452,31.32438333333333,0.5359666666666666,2024-01-02 09:23:00,PUMP_001,2,2,0
2004,160.5791866666672,109.1142940000004,1.9428858333333208,36.242683333333325,41.89688333333335,39.14363333333333,31.32861666666667,0.5388000000000001,2024-01-02 09:24:00,PUMP_001,2,2,0
2005,160.58206666666726,109.12340300000037,1.9427433333333155,36.25771666666665,41.89496666666667,39.14484999999999,31.2968,0.5447000000000001,2024-01-02 09:25:00,PUMP_001,2,2,0
2006,160.58776000000077,109.14059283333346,1.9383811666666533,36.26806666666666,41.88288333333335,39.14285,31.29403333333332,0.5446333333333333,2024-01-02 09:26:00,PUMP_001,2,2,0
2007,160.5929916666669,109.1360140000003,1.9442661666666528,36.2607,41.86668333333333,39.14275,31.28236666666665,0.5456333333333332,2024-01-02 09:27:00,PUMP_001,2,2,0
2008,160.56796666666656,109.12274400000044,1.932685499999984,36.27136666666668,41.86418333333335,39.14438333333332,31.286116666666658,0.5344333333333335,2024-01-02 09:28:00,PUMP_001,2,2,0
2009,160.602398333334,109.16820700000022,1.9363214999999845,36.26124999999999,41.86826666666668,39.13511666666668,31.29696666666665,0.5461000000000001,2024-01-02 09:29:00,PUMP_001,2,2,0
2010,160.6017133333333,109.15829450000076,1.9299456666666528,36.26245,41.85925000000001,39.128016666666646,31.282216666666635,0.5488666666666668,2024-01-02 09:30:00,PUMP_001,2,2,0
2011,160.6130733333328,109.1432261666672,1.9361434999999831,36.24823333333333,41.861,39.12865,31.24398333333331,0.5797166666666667,2024-01-02 09:31:00,PUMP_001,0,2,0
2012,160.54373500000028,109.27027299999988,1.9483348333333272,36.205133333333336,41.8592,39.12963333333333,31.17719999999998,0.5508666666666666,2024-01-02 09:32:00,PUMP_001,2,2,0
2013,160.56863666666737,109.2997886666668,1.9393639999999888,36.18725000000001,41.83556666666667,39.09501666666666,31.27438333333331,0.54295,2024-01-02 09:33:00,PUMP_001,2,2,0
2014,160.56107666666668,109.2998278333334,1.9488758333333207,36.195650000000015,41.8282,39.08183333333333,31.243299999999984,0.5401666666666666,2024-01-02 09:34:00,PUMP_001,2,2,0
2015,160.55514500000007,109.27658066666672,1.947218833333321,36.19121666666665,41.81976666666667,39.0818,31.19526666666665,0.5455166666666666,2024-01-02 09:35:00,PUMP_001,2,2,0
2016,160.55820166666712,109.26730133333383,1.9469518333333231,36.191433333333336,41.81256666666666,39.07323333333333,31.220516666666647,0.5419166666666669,2024-01-02 09:36:00,PUMP_001,2,2,0
2017,160.57852000000048,109.29398450000028,1.9522558333333184,36.18065,41.82760000000001,39.06971666666667,31.23023333333332,0.5406166666666666,2024-01-02 09:37:00,PUMP_001,2,2,0
2018,160.57949166666694,109.31818516666698,1.941259666666656,36.17098333333335,41.8181,39.071883333333325,31.22163333333333,0.5486833333333333,2024-01-02 09:38:00,PUMP_001,2,2,0
2019,160.57330166666702,109.29332883333348,1.9466289999999844,36.15918333333336,41.82016666666667,39.05975,31.221416666666656,0.5422833333333335,2024-01-02 09:39:00,PUMP_001,2,2,0
2020,160.60522000000063,109.34131750000054,1.9380673333333207,36.1662,41.80865000000001,39.04586666666666,31.17933333333331,0.5409500000000002,2024-01-02 09:40:00,PUMP_001,2,2,0
2021,160.59094500000035,109.31295649999996,1.9452081666666563,36.16415,41.796816666666665,39.04933333333333,31.18068333333332,0.5410833333333332,2024-01-02 09:41:00,PUMP_001,2,2,0
2022,160.97553166666708,109.58362050000042,2.004136499999998,36.18365000000001,41.80934999999999,39.03403333333333,31.19243333333332,0.54805,2024-01-02 09:42:00,PUMP_001,0,2,0
2023,161.22491333333346,108.9774189999996,2.0005593333333325,36.18638333333334,41.81593333333333,39.06231666666666,31.16003333333332,0.5456,2024-01-02 09:43:00,PUMP_001,0,2,0
2024,161.21966500000028,108.98622033333407,1.9905713333333297,36.19023333333334,41.82336666666666,39.06113333333333,31.149099999999983,0.5447166666666665,2024-01-02 09:44:00,PUMP_001,0,2,0
2025,161.22914166666683,108.97789550000064,1.99124083333333,36.20151666666666,41.83708333333333,39.08126666666667,31.1616,0.5445333333333334,2024-01-02 09:45:00,PUMP_001,0,2,0
2026,161.2044466666668,108.97684500000057,1.99373899999999,36.218483333333324,41.83681666666667,39.08743333333332,31.17333333333331,0.544,2024-01-02 09:46:00,PUMP_001,0,2,0
2027,161.2134433333345,108.97512433333364,1.9962048333333284,36.22164999999999,41.84583333333333,39.083516666666654,31.17048333333332,0.5395999999999999,2024-01-02 09:47:00,PUMP_001,0,2,0
2028,161.2085466666674,108.96140300000052,1.9911171666666727,36.20523333333333,41.85443333333334,39.0977,31.160799999999977,0.5458833333333332,2024-01-02 09:48:00,PUMP_001,0,2,0
2029,161.20277333333442,108.97552783333369,1.9878440000000004,36.21871666666667,41.86333333333334,39.11171666666666,31.146533333333306,0.5454666666666668,2024-01-02 09:49:00,PUMP_001,0,2,0
2030,161.20135000000107,108.9535751666671,1.9903683333333315,36.20471666666668,41.8711,39.109899999999975,31.19868333333332,0.5511333333333331,2024-01-02 09:50:00,PUMP_001,0,2,0
2031,161.18615166666746,108.9540406666668,1.992286166666668,36.19958333333334,41.86476666666668,39.105683333333324,31.165533333333315,0.5449,2024-01-02 09:51:00,PUMP_001,0,2,0
2032,161.210206666667,108.9688876666675,1.988414499999993,36.20243333333334,41.862950000000005,39.11893333333333,31.17768333333332,0.5509000000000003,2024-01-02 09:52:00,PUMP_001,0,2,0
2033,161.09764000000072,109.20923266666703,2.0060063333333336,36.2246,41.86480000000002,39.114466666666665,31.14181666666664,0.5519000000000001,2024-01-02 09:53:00,PUMP_001,0,2,0
2034,161.10007166666682,109.22182716666678,2.0048661666666776,36.21413333333332,41.86061666666668,39.10818333333332,31.16713333333332,0.5482833333333332,2024-01-02 09:54:00,PUMP_001,0,2,0
2035,161.11572000000098,109.2342098333337,2.000371000000001,36.21651666666666,41.8655,39.11811666666667,31.17613333333331,0.5458666666666666,2024-01-02 09:55:00,PUMP_001,0,2,0
2036,161.1118116666664,109.22571916666683,2.0026808333333395,36.22523333333333,41.863616666666665,39.11186666666666,31.192866666666653,0.5469166666666667,2024-01-02 09:56:00,PUMP_001,0,2,0
2037,161.09787333333367,109.21218183333391,2.00008133333334,36.22158333333333,41.86705000000002,39.10478333333333,31.163299999999985,0.5442833333333336,2024-01-02 09:57:00,PUMP_001,0,2,0
2038,161.0775433333338,109.20653800000063,1.9944363333333388,36.22758333333333,41.8505,39.10266666666668,31.16021666666665,0.5491666666666667,2024-01-02 09:58:00,PUMP_001,0,2,0
2039,161.09486166666787,109.2317080000004,1.9941411666666664,36.21576666666667,41.85656666666669,39.08948333333333,31.176266666666653,0.54665,2024-01-02 09:59:00,PUMP_001,0,2,0
2040,161.08882999999972,109.23596866666682,1.9892438333333329,36.23156666666667,41.85871666666669,39.09144999999999,31.149366666666666,0.5483333333333331,2024-01-02 10:00:00,PUMP_001,0,2,0
2041,161.09972500000018,109.24693516666672,1.9926923333333333,36.243216666666655,41.85294999999999,39.09193333333332,31.15016666666665,0.5491166666666667,2024-01-02 10:01:00,PUMP_001,0,2,0
2042,161.0984149999999,109.2275908333334,1.9915638333333348,36.23163333333335,41.84953333333335,39.08708333333331,31.14211666666664,0.55015,2024-01-02 10:02:00,PUMP_001,0,2,0
2043,161.0080150000001,109.42161216666696,1.998423333333331,36.22536666666668,41.85660000000001,39.08988333333332,31.170733333333327,0.5485666666666666,2024-01-02 10:03:00,PUMP_001,0,2,0
2044,161.0142500000008,109.43356700000054,1.9950961666666696,36.21905000000001,41.85728333333336,39.09205000000001,31.16189999999997,0.5442000000000001,2024-01-02 10:04:00,PUMP_001,0,2,0
2045,161.0218633333343,109.4437650000002,2.00025783333333,36.19173333333333,41.85926666666666,39.08383333333335,31.149483333333315,0.5514833333333334,2024-01-02 10:05:00,PUMP_001,0,2,0
2046,161.0271450000007,109.45397133333356,1.9919441666666649,36.18265,41.86631666666666,39.08014999999999,31.16405,0.5481833333333334,2024-01-02 10:06:00,PUMP_001,0,2,0
2047,161.03121500000012,109.46845983333333,1.996541166666671,36.15786666666667,41.84388333333333,39.08531666666666,31.14439999999998,0.5461666666666666,2024-01-02 10:07:00,PUMP_001,0,2,0
2048,161.02130833333376,109.43952100000024,2.00240866666667,36.16000000000001,41.84288333333334,39.05681666666665,31.141949999999973,0.5458166666666667,2024-01-02 10:08:00,PUMP_001,0,2,0
2049,161.02356833333414,109.44830350000024,2.0015005000000032,36.16576666666668,41.82415,39.05993333333333,31.11171666666665,0.5471166666666665,2024-01-02 10:09:00,PUMP_001,0,2,0
2050,161.03348166666711,109.44095350000082,1.9987583333333376,36.17896666666668,41.82426666666667,39.04973333333334,31.143799999999985,0.5457500000000001,2024-01-02 10:10:00,PUMP_001,0,2,0
2051,161.0194516666671,109.42137333333366,2.0000651666666696,36.15998333333334,41.82808333333335,39.044583333333335,31.14461666666665,0.5463333333333333,2024-01-02 10:11:00,PUMP_001,0,2,0
2052,161.03502666666716,109.47201250000025,1.9990321666666664,36.16203333333335,41.83836666666668,39.03481666666666,31.13296666666664,0.5519166666666667,2024-01-02 10:12:00,PUMP_001,0,2,0
2053,160.9623266666673,109.58174816666698,2.001527333333334,36.1498,41.82318333333335,39.02858333333334,31.126716666666653,0.5524499999999998,2024-01-02 10:13:00,PUMP_001,0,2,0
2054,160.98948833333353,109.62714050000017,2.0046373333333296,36.13789999999999,41.82125,39.03381666666667,31.123499999999986,0.54145,2024-01-02 10:14:00,PUMP_001,0,2,0
2055,161.0001666666667,109.6372848333336,2.003167499999999,36.14373333333334,41.81713333333334,39.03069999999999,31.09569999999999,0.5456833333333333,2024-01-02 10:15:00,PUMP_001,0,2,0
2056,160.98611333333346,109.60584500000029,2.0092695000000043,36.127366666666674,41.80030000000001,39.02719999999999,31.08273333333333,0.5464000000000001,2024-01-02 10:16:00,PUMP_001,0,2,0
2057,160.9773983333346,109.632286666667,2.0013630000000027,36.13348333333335,41.79346666666667,39.008449999999975,31.05623333333333,0.5459333333333334,2024-01-02 10:17:00,PUMP_001,0,2,0
2058,160.98490666666737,109.61845250000002,1.992787833333336,36.13396666666667,41.79148333333333,39.02065,31.03725,0.5419333333333334,2024-01-02 10:18:00,PUMP_001,0,2,0
2059,160.98305833333384,109.6010781666666,1.9895924999999983,36.1185,41.7871,39.01563333333331,31.09638333333333,0.5443833333333333,2024-01-02 10:19:00,PUMP_001,0,2,0
2060,160.95728000000074,109.58021900000033,2.0053160000000028,36.116550000000025,41.77831666666668,39.009633333333326,31.065733333333323,0.5404166666666665,2024-01-02 10:20:00,PUMP_001,0,2,0
2061,160.97130666666743,109.60705400000028,1.994995666666676,36.10546666666668,41.75726666666669,39.00483333333332,31.080833333333324,0.5435833333333334,2024-01-02 10:21:00,PUMP_001,0,2,0
2062,160.98793500000076,109.62098166666676,2.004354499999996,36.09695,41.75703333333333,38.99248333333332,31.049783333333327,0.5466333333333332,2024-01-02 10:22:00,PUMP_001,0,2,0
2063,160.95962833333354,109.5910151666672,1.993525166666672,36.07558333333335,41.72563333333332,38.98199999999999,31.02968333333332,0.5502833333333332,2024-01-02 10:23:00,PUMP_001,0,2,0
2064,161.00256333333448,109.61116416666697,1.983484833333332,36.076316666666685,41.702333333333314,38.98891666666665,31.00719999999999,0.5449666666666668,2024-01-02 10:24:00,PUMP_001,0,2,0
2065,160.99624500000064,109.58339100000036,1.989111166666668,36.07443333333334,41.69801666666667,38.98134999999999,31.011666666666653,0.5485833333333333,2024-01-02 10:25:00,PUMP_001,0,2,0
2066,160.9924033333337,109.6042158333336,1.997682000000007,36.08373333333334,41.709049999999976,38.95758333333332,31.05781666666665,0.5421833333333332,2024-01-02 10:26:00,PUMP_001,0,2,0
2067,161.01275333333345,109.60129783333366,1.9870616666666687,36.06205000000001,41.717266666666674,38.94311666666665,31.03939999999999,0.54695,2024-01-02 10:27:00,PUMP_001,0,2,0
2068,161.01325166666646,109.59303883333352,1.9945174999999968,36.05541666666667,41.698933333333336,38.96251666666664,30.98298333333334,0.5428166666666666,2024-01-02 10:28:00,PUMP_001,0,2,0
2069,161.03620333333384,109.6211941666671,1.99255483333334,36.06010000000002,41.68063333333334,38.95111666666666,30.99603333333333,0.5413666666666666,2024-01-02 10:29:00,PUMP_001,0,2,0
2070,161.02670499999985,109.58973199999971,1.9913909999999924,36.05246666666666,41.68933333333332,38.94666666666665,30.98931666666666,0.5392666666666669,2024-01-02 10:30:00,PUMP_001,0,2,0
2071,161.01999333333347,109.5920520000006,2.004040000000002,36.05121666666666,41.67788333333333,38.92605,30.97313333333332,0.5405666666666668,2024-01-02 10:31:00,PUMP_001,0,2,0
2072,161.0182316666668,109.5978871666664,1.9923360000000008,36.03771666666666,41.66546666666664,38.936833333333325,30.974416666666663,0.5482833333333336,2024-01-02 10:32:00,PUMP_001,0,2,0
2073,160.36759666666617,109.13290083333366,1.921813333333324,36.01091666666667,41.64676666666666,38.90425,30.96954999999999,0.5426666666666669,2024-01-02 10:33:00,PUMP_001,2,2,0
2074,160.61083833333305,108.57022816666723,1.9038621666666504,35.96641666666667,41.61411666666668,38.83151666666667,30.88683333333333,0.5447000000000001,2024-01-02 10:34:00,PUMP_001,2,2,2
2075,160.59960666666692,108.60712766666714,1.903154666666652,35.92933333333333,41.57191666666665,38.822983333333326,30.888416666666654,0.5405500000000001,2024-01-02 10:35:00,PUMP_001,2,2,2
2076,160.58285333333387,108.54783600000046,1.9016934999999813,35.90485,41.54643333333332,38.79755,30.8885,0.5486500000000001,2024-01-02 10:36:00,PUMP_001,2,2,2
2077,160.59111166666625,108.56653016666698,1.8918989999999865,35.882533333333335,41.53366666666668,38.79608333333333,30.89218333333332,0.5428833333333334,2024-01-02 10:37:00,PUMP_001,2,2,2
2078,160.59720166666676,108.56655333333369,1.907766833333313,35.86921666666669,41.51458333333334,38.78723333333332,30.91055,0.5461333333333335,2024-01-02 10:38:00,PUMP_001,2,2,2
2079,160.58985499999972,108.57037583333371,1.899572999999984,35.8655,41.49543333333335,38.77883333333333,30.91048333333333,0.5470833333333334,2024-01-02 10:39:00,PUMP_001,2,2,2
2080,160.5894766666666,108.55715100000072,1.9046614999999787,35.86479999999999,41.48615,38.778416666666665,30.897049999999968,0.5560833333333335,2024-01-02 10:40:00,PUMP_001,2,2,2
2081,160.5934300000001,108.56903466666756,1.9055608333333087,35.86548333333333,41.48611666666667,38.780583333333325,30.90269999999999,0.5536833333333336,2024-01-02 10:41:00,PUMP_001,2,2,2
2082,160.6020033333332,108.57783316666718,1.9060218333333163,35.87786666666667,41.47774999999999,38.789400000000015,30.899799999999985,0.5540500000000002,2024-01-02 10:42:00,PUMP_001,2,2,2
2083,160.61818500000038,108.5614786666673,1.893438499999984,35.86361666666666,41.46683333333333,38.77881666666668,30.899616666666645,0.55415,2024-01-02 10:43:00,PUMP_001,2,2,2
2084,160.5026683333325,108.8089066666668,1.8955608333333145,35.85663333333332,41.46689999999999,38.77358333333334,30.89756666666664,0.5532000000000001,2024-01-02 10:44:00,PUMP_001,0,2,2
2085,160.49120500000018,108.7967381666671,1.904686999999986,35.854599999999984,41.46705,38.78736666666666,30.89968333333332,0.5564833333333333,2024-01-02 10:45:00,PUMP_001,0,2,2
2086,160.53930833333288,108.8541078333338,1.9051248333333173,35.85343333333332,41.46833333333333,38.76723333333332,30.90056666666665,0.5526666666666668,2024-01-02 10:46:00,PUMP_001,0,2,2
2087,160.5403300000002,108.84051850000056,1.9043186666666527,35.850500000000004,41.46450000000001,38.75675,30.90248333333332,0.5533666666666668,2024-01-02 10:47:00,PUMP_001,0,2,2
2088,160.52363166666635,108.8293823333337,1.901650666666648,35.85684999999999,41.44138333333333,38.77239999999999,30.895199999999985,0.5531666666666665,2024-01-02 10:48:00,PUMP_001,0,2,2
2089,160.53434666666675,108.8561240000004,1.898697333333319,35.86894999999999,41.44296666666666,38.76109999999998,30.898266666666657,0.5469166666666668,2024-01-02 10:49:00,PUMP_001,2,2,2
2090,160.49989333333366,108.79356100000082,1.903482499999976,35.86045,41.445816666666666,38.7796,30.901149999999987,0.5505833333333333,2024-01-02 10:50:00,PUMP_001,2,2,2
2091,160.50012166666698,108.8072635000005,1.897609999999983,35.866149999999976,41.441783333333326,38.78688333333334,30.90116666666665,0.5492499999999999,2024-01-02 10:51:00,PUMP_001,2,2,2
2092,160.52690333333334,108.81523916666708,1.904974999999982,35.85685,41.44120000000001,38.75931666666664,30.90114999999998,0.5500333333333333,2024-01-02 10:52:00,PUMP_001,2,2,2
2093,160.51706499999958,108.84586750000064,1.902673666666651,35.859199999999994,41.44426666666665,38.77545,30.90129999999997,0.5477333333333333,2024-01-02 10:53:00,PUMP_001,2,2,2
2094,160.4237999999998,109.01279966666664,1.915241666666654,35.85008333333333,41.44178333333331,38.78375000000001,30.89754999999997,0.5509,2024-01-02 10:54:00,PUMP_001,2,2,2
2095,160.4342616666671,109.01092966666708,1.904917166666656,35.84383333333333,41.4442,38.76916666666667,30.897349999999985,0.5457833333333332,2024-01-02 10:55:00,PUMP_001,2,2,2
2096,160.43257333333324,109.02274366666713,1.9064799999999864,35.83621666666667,41.45226666666668,38.772333333333336,30.896933333333315,0.5467,2024-01-02 10:56:00,PUMP_001,2,2,2
2097,160.42817999999946,109.0150511666673,1.900210499999984,35.837583333333335,41.42725,38.76588333333335,30.893149999999988,0.5439166666666666,2024-01-02 10:57:00,PUMP_001,2,2,2
2098,160.42051666666657,109.0290150000007,1.899300166666644,35.840716666666644,41.43005000000001,38.75006666666666,30.89318333333333,0.5401166666666666,2024-01-02 10:58:00,PUMP_001,2,2,2
2099,160.4313166666659,109.01542433333364,1.9041063333333184,35.83871666666667,41.43235000000001,38.748466666666666,30.89541666666665,0.5452499999999999,2024-01-02 10:59:00,PUMP_001,2,2,2
2100,160.44977,109.0398040000005,1.9031674999999844,35.83091666666667,41.42873333333333,38.74523333333332,30.89881666666665,0.5470500000000001,2024-01-02 11:00:00,PUMP_001,2,2,2
2101,160.4613933333327,109.03110616666687,1.9184519999999765,35.82343333333333,41.423,38.75241666666668,30.900549999999992,0.5438333333333333,2024-01-02 11:01:00,PUMP_001,2,2,2
2102,160.44235333333307,109.03061833333352,1.9167591666666497,35.8278,41.416100000000014,38.74693333333335,30.89293333333332,0.5437,2024-01-02 11:02:00,PUMP_001,2,2,2
2103,160.43823,109.03341450000036,1.9095689999999883,35.82744999999999,41.42276666666666,38.74318333333334,30.89569999999999,0.5452666666666668,2024-01-02 11:03:00,PUMP_001,2,2,2
2104,160.4000033333332,109.20770266666716,1.9089851666666533,35.81956666666667,41.42354999999999,38.73931666666667,30.89161666666666,0.5447499999999998,2024-01-02 11:04:00,PUMP_001,2,2,2
2105,160.38795499999958,109.17013533333422,1.9211399999999816,35.79913333333331,41.42178333333332,38.7394333333333,30.84009999999999,0.5453166666666666,2024-01-02 11:05:00,PUMP_001,2,2,2
2106,160.44074333333353,109.21542866666698,1.9224739999999805,35.82496666666666,41.42236666666667,38.73909999999999,30.851766666666663,0.5454833333333333,2024-01-02 11:06:00,PUMP_001,2,2,2
2107,160.3881200000002,109.15494633333404,1.9178743333333184,35.80651666666664,41.40809999999999,38.73773333333332,30.83575,0.5423500000000001,2024-01-02 11:07:00,PUMP_001,2,2,2
2108,160.39326999999977,109.15768516666692,1.916039666666652,35.78551666666666,41.39855,38.73295,30.808566666666664,0.5444333333333333,2024-01-02 11:08:00,PUMP_001,2,2,2
2109,160.39239499999982,109.1809305000006,1.9102019999999844,35.77923333333331,41.38826666666667,38.73710000000002,30.80646666666665,0.54595,2024-01-02 11:09:00,PUMP_001,2,2,2
2110,160.39883999999955,109.16389783333376,1.9153391666666493,35.78268333333332,41.38585000000001,38.72755,30.81178333333333,0.5410166666666665,2024-01-02 11:10:00,PUMP_001,2,2,2
2111,160.41411999999974,109.2088701666668,1.9165896666666555,35.781949999999966,41.38855,38.70393333333334,30.81045,0.5410333333333335,2024-01-02 11:11:00,PUMP_001,2,2,2
2112,160.40152999999938,109.19451950000033,1.9182748333333155,35.774216666666646,41.38655000000001,38.68331666666665,30.8091,0.5487666666666667,2024-01-02 11:12:00,PUMP_001,2,2,2
2113,160.39985333333289,109.19313716666704,1.915289499999984,35.77266666666665,41.38268333333334,38.6951,30.82501666666667,0.5451166666666665,2024-01-02 11:13:00,PUMP_001,2,2,2
2114,160.6712000000003,109.39188616666674,1.9493121666666584,35.77303333333331,41.38691666666666,38.706333333333305,30.804066666666653,0.5442666666666668,2024-01-02 11:14:00,PUMP_001,2,2,2
2115,160.9230150000004,108.78867700000043,1.9314541666666545,35.77961666666665,41.40239999999999,38.69641666666664,30.80875,0.5509833333333333,2024-01-02 11:15:00,PUMP_001,2,2,2
2116,160.90071499999982,108.77489850000026,1.924414166666652,35.76618333333332,41.40315,38.68324999999998,30.806966666666664,0.5533499999999998,2024-01-02 11:16:00,PUMP_001,2,2,2
2117,160.9169166666676,108.7783840000001,1.9314528333333256,35.77719999999998,41.402,38.68976666666665,30.79590000000001,0.5515333333333333,2024-01-02 11:17:00,PUMP_001,2,2,2
2118,160.90479166666745,108.7816301666668,1.9407538333333167,35.773399999999995,41.39843333333334,38.691783333333326,30.7679,0.5475500000000001,2024-01-02 11:18:00,PUMP_001,2,2,2
2119,160.91216500000044,108.78799983333384,1.9274476666666496,35.783916666666656,41.39976666666667,38.70205000000001,30.825683333333323,0.5505666666666669,2024-01-02 11:19:00,PUMP_001,2,2,2
2120,160.90893000000037,108.80319566666672,1.930825666666648,35.77563333333332,41.39375,38.68329999999999,30.811949999999985,0.5484333333333334,2024-01-02 11:20:00,PUMP_001,2,2,2
2121,160.88869666666676,108.76610750000016,1.932685833333319,35.76499999999999,41.38933333333333,38.67718333333333,30.8085,0.5477666666666666,2024-01-02 11:21:00,PUMP_001,2,2,2
2122,160.89479000000046,108.81032266666662,1.934900999999988,35.75349999999999,41.36536666666668,38.67843333333333,30.74963333333334,0.5515666666666664,2024-01-02 11:22:00,PUMP_001,2,2,2
2123,160.885735,108.77783633333394,1.9306159999999928,35.740233333333336,41.355466666666665,38.66978333333332,30.72413333333333,0.5484999999999999,2024-01-02 11:23:00,PUMP_001,2,2,2
2124,160.9009616666671,108.78498016666693,1.9189389999999915,35.73859999999999,41.345416666666665,38.66546666666665,30.76331666666668,0.5547166666666666,2024-01-02 11:24:00,PUMP_001,2,2,2
2125,160.80862333333437,109.0396340000004,1.9239049999999875,35.745616666666635,41.33470000000001,38.66819999999999,30.74676666666668,0.5580666666666665,2024-01-02 11:25:00,PUMP_001,2,2,2
2126,160.8171983333335,109.06392916666702,1.930397499999984,35.74281666666665,41.342783333333344,38.66316666666665,30.81973333333332,0.55345,2024-01-02 11:26:00,PUMP_001,0,2,2
2127,160.82429333333354,109.0563693333338,1.9212084999999848,35.72858333333332,41.34236666666667,38.65806666666666,30.751350000000013,0.5537500000000003,2024-01-02 11:27:00,PUMP_001,0,2,2
2128,160.82741666666706,109.07989133333356,1.9326861666666564,35.71755,41.347116666666665,38.64823333333334,30.727550000000004,0.5522166666666666,2024-01-02 11:28:00,PUMP_001,2,2,2
2129,160.8141133333338,109.05068666666676,1.9337879999999907,35.719383333333326,41.34436666666667,38.63551666666669,30.727350000000005,0.5461500000000001,2024-01-02 11:29:00,PUMP_001,2,2,2
2130,160.83262666666792,109.05840000000072,1.9423338333333249,35.69861666666665,41.31903333333333,38.62441666666667,30.691883333333344,0.5485333333333334,2024-01-02 11:30:00,PUMP_001,2,2,2
2131,160.81982166666725,109.05861133333384,1.9369008333333169,35.69558333333332,41.29651666666666,38.62856666666666,30.7298,0.5468500000000003,2024-01-02 11:31:00,PUMP_001,2,2,2
2132,160.84041000000144,109.07994716666708,1.9267813333333144,35.70234999999998,41.29648333333331,38.62321666666667,30.723316666666665,0.5514500000000001,2024-01-02 11:32:00,PUMP_001,2,2,2
2133,160.82309833333406,109.0756136666672,1.928063499999982,35.68571666666666,41.30598333333333,38.61461666666666,30.72071666666667,0.5482999999999999,2024-01-02 11:33:00,PUMP_001,2,2,2
2134,160.81286833333377,109.03556950000036,1.9290431666666472,35.67683333333333,41.29510000000001,38.616283333333335,30.716800000000013,0.5489833333333335,2024-01-02 11:34:00,PUMP_001,2,2,2
2135,160.74121666666736,109.25461900000036,1.9332074999999809,35.67709999999998,41.291500000000006,38.60353333333334,30.68636666666667,0.5502166666666667,2024-01-02 11:35:00,PUMP_001,2,2,2
2136,160.7217366666665,109.26288400000035,1.9288733333333208,35.66556666666667,41.281916666666646,38.5828,30.64923333333334,0.5456500000000003,2024-01-02 11:36:00,PUMP_001,2,2,2
2137,160.7197150000003,109.26748366666736,1.9271159999999827,35.654666666666664,41.272683333333326,38.58930000000001,30.68423333333333,0.5478833333333333,2024-01-02 11:37:00,PUMP_001,2,2,2
2138,160.74476833333415,109.2723805000006,1.9379539999999884,35.63676666666666,41.27841666666666,38.573850000000014,30.667250000000006,0.5447833333333334,2024-01-02 11:38:00,PUMP_001,2,2,2
2139,160.7457050000003,109.2854233333342,1.942323833333321,35.618150000000014,41.26361666666664,38.56188333333333,30.64191666666667,0.5475166666666669,2024-01-02 11:39:00,PUMP_001,2,2,2
2140,160.72689166666746,109.26143433333344,1.936168166666649,35.610033333333334,41.25306666666666,38.566433333333336,30.6422,0.5501333333333336,2024-01-02 11:40:00,PUMP_001,2,2,2
2141,160.74172333333385,109.26219683333387,1.9425876666666524,35.60923333333332,41.25898333333335,38.55603333333333,30.642366666666664,0.5412833333333334,2024-01-02 11:41:00,PUMP_001,2,2,2
2142,160.7450200000005,109.26876266666724,1.9474868333333253,35.60068333333333,41.25863333333332,38.54066666666665,30.641500000000004,0.5484000000000003,2024-01-02 11:42:00,PUMP_001,2,2,0
2143,160.73221500000065,109.24429333333369,1.93956833333332,35.59893333333332,41.23895,38.527916666666655,30.640333333333327,0.5506333333333333,2024-01-02 11:43:00,PUMP_001,2,2,0
2144,160.74044666666686,109.24891183333314,1.9358218333333213,35.59294999999999,41.24663333333332,38.54139999999999,30.64121666666666,0.5431166666666668,2024-01-02 11:44:00,PUMP_001,2,2,2
2145,160.692858333334,109.38681866666673,1.9441518333333203,35.59006666666666,41.23765000000001,38.52428333333332,30.64289999999999,0.5449499999999998,2024-01-02 11:45:00,PUMP_001,2,2,0
2146,160.6942950000008,109.39074533333395,1.9401871666666568,35.58218333333332,41.239583333333336,38.4944,30.638300000000008,0.5544333333333333,2024-01-02 11:46:00,PUMP_001,2,2,0
2147,160.68497166666737,109.39486700000064,1.9462359999999868,35.57193333333333,41.23395000000001,38.50678333333331,30.626366666666662,0.54895,2024-01-02 11:47:00,PUMP_001,2,2,0
2148,160.68229166666688,109.39050016666737,1.955688499999995,35.5607,41.22346666666667,38.49308333333332,30.63930000000001,0.5443833333333336,2024-01-02 11:48:00,PUMP_001,2,2,0
2149,160.70001500000032,109.40306883333378,1.9463869999999848,35.546,41.19805000000001,38.48795,30.63976666666668,0.5427833333333335,2024-01-02 11:49:00,PUMP_001,2,2,0
2150,160.70513166666692,109.41539283333388,1.948419666666653,35.54363333333333,41.19525,38.48643333333333,30.64108333333333,0.5527333333333334,2024-01-02 11:50:00,PUMP_001,2,2,0
2151,160.67220833333337,109.39107383333368,1.9350891666666528,35.5442,41.19658333333333,38.48864999999999,30.611883333333328,0.5500166666666667,2024-01-02 11:51:00,PUMP_001,2,2,0
2152,160.68321166666655,109.40556650000056,1.9428134999999804,35.54143333333333,41.17453333333334,38.485349999999976,30.56181666666665,0.5529833333333333,2024-01-02 11:52:00,PUMP_001,2,2,0
2153,160.71014500000052,109.44455850000068,1.944376833333324,35.539366666666666,41.17086666666667,38.49118333333331,30.59925000000001,0.5550333333333332,2024-01-02 11:53:00,PUMP_001,2,2,0
2154,160.69602833333371,109.40649616666693,1.9409984999999768,35.54965000000001,41.17821666666666,38.49073333333333,30.635533333333345,0.5585666666666664,2024-01-02 11:54:00,PUMP_001,2,2,0
2155,161.13318666666586,109.71630333333356,1.992325999999994,35.54463333333331,41.18886666666666,38.48686666666666,30.63545,0.5509999999999999,2024-01-02 11:55:00,PUMP_001,0,2,0
2156,161.37157499999938,109.08637449999998,1.9844833333333305,35.558266666666654,41.19593333333332,38.48946666666664,30.6396,0.5567,2024-01-02 11:56:00,PUMP_001,2,2,0
2157,161.38816833333232,109.11355250000018,1.9835420000000064,35.57473333333332,41.21035,38.50319999999999,30.63943333333334,0.5503666666666668,2024-01-02 11:57:00,PUMP_001,2,2,0
2158,161.37467666666598,109.08488533333384,1.985514499999999,35.57601666666667,41.225066666666656,38.509266666666655,30.61595,0.5618166666666669,2024-01-02 11:58:00,PUMP_001,2,2,0
2159,161.37028166666607,109.11862600000056,1.9927954999999944,35.58768333333334,41.22856666666665,38.51539999999997,30.63280000000001,0.5552666666666668,2024-01-02 11:59:00,PUMP_001,2,2,0
2160,161.3783049999995,109.137752666667,1.986737500000007,35.593016666666664,41.240816666666646,38.509016666666646,30.63236666666667,0.5565333333333332,2024-01-02 12:00:00,PUMP_001,2,2,0
2161,161.40472333333335,109.12858833333368,1.9883080000000053,35.59411666666667,41.23971666666663,38.51976666666665,30.62998333333333,0.5509166666666668,2024-01-02 12:01:00,PUMP_001,2,2,0
2162,161.40793833333285,109.1516590000006,1.986474833333336,35.58671666666666,41.23419999999997,38.52108333333332,30.634933333333343,0.5607333333333334,2024-01-02 12:02:00,PUMP_001,2,2,0
2163,161.37451166666585,109.13196883333356,1.9916074999999964,35.59053333333333,41.24121666666665,38.50679999999998,30.63548333333334,0.5612666666666666,2024-01-02 12:03:00,PUMP_001,2,2,0
2164,161.38341499999962,109.14168583333397,1.979941499999999,35.5631,41.230083333333326,38.51018333333332,30.60163333333334,0.5561166666666665,2024-01-02 12:04:00,PUMP_001,2,2,0
2165,161.39620666666582,109.13202333333363,1.9769380000000016,35.5466,41.21503333333333,38.50103333333331,30.622283333333336,0.5537500000000001,2024-01-02 12:05:00,PUMP_001,2,2,0
2166,161.32326166666647,109.41733116666704,1.979572999999994,35.5405,41.21348333333332,38.49209999999998,30.580150000000003,0.5577833333333332,2024-01-02 12:06:00,PUMP_001,0,2,0
2167,161.2961349999994,109.39904133333374,1.9777478333333336,35.54261666666666,41.20794999999998,38.496266666666656,30.611733333333333,0.5584333333333333,2024-01-02 12:07:00,PUMP_001,0,2,0
2168,161.31853166666653,109.37043200000032,1.9793623333333308,35.54181666666666,41.195083333333336,38.48574999999998,30.55571666666667,0.5488166666666668,2024-01-02 12:08:00,PUMP_001,0,2,0
2169,161.3357133333323,109.40604566666688,1.9885320000000024,35.53953333333332,41.17518333333333,38.48049999999999,30.547666666666657,0.5566999999999998,2024-01-02 12:09:00,PUMP_001,0,2,0
2170,161.32009499999913,109.37227083333396,1.9802740000000023,35.54343333333332,41.15454999999999,38.46499999999999,30.484316666666658,0.5550999999999999,2024-01-02 12:10:00,PUMP_001,0,2,0
2171,161.33076166666646,109.39192266666684,1.9861821666666668,35.543383333333324,41.15008333333335,38.46246666666666,30.5518,0.5447833333333334,2024-01-02 12:11:00,PUMP_001,0,2,0
2172,161.32824999999943,109.40852033333351,1.9917288333333336,35.53238333333333,41.14676666666665,38.463683333333314,30.558099999999985,0.5471166666666668,2024-01-02 12:12:00,PUMP_001,0,2,0
2173,161.33722499999968,109.40811200000044,1.9955780000000047,35.526699999999984,41.136983333333326,38.44079999999998,30.63156666666667,0.5453500000000002,2024-01-02 12:13:00,PUMP_001,0,2,0
2174,161.33097999999947,109.37489066666689,1.9959508333333391,35.52196666666664,41.121500000000005,38.443783333333336,30.493416666666675,0.5435833333333334,2024-01-02 12:14:00,PUMP_001,0,2,0
2175,161.3421616666661,109.3859531666672,1.9943256666666664,35.51296666666666,41.12081666666667,38.43585,30.53313333333333,0.5558333333333333,2024-01-02 12:15:00,PUMP_001,0,2,0
2176,161.261893333333,109.59747850000042,1.990501499999998,35.51241666666666,41.11085000000001,38.42875,30.545016666666665,0.5478,2024-01-02 12:16:00,PUMP_001,0,2,0
2177,161.2488499999997,109.6068253333335,1.9896323333333352,35.496466666666656,41.101083333333335,38.43698333333332,30.54651666666668,0.5544166666666667,2024-01-02 12:17:00,PUMP_001,0,2,0
2178,161.25788499999948,109.6285371666668,1.9908378333333392,35.47315000000002,41.08591666666667,38.42316666666664,30.558133333333338,0.5557166666666666,2024-01-02 12:18:00,PUMP_001,0,2,0
2179,161.23832833333327,109.59967866666716,1.9947581666666665,35.47216666666667,41.08051666666666,38.42158333333333,30.553216666666664,0.5563666666666667,2024-01-02 12:19:00,PUMP_001,0,2,0
2180,161.27537166666608,109.63945016666744,2.011161500000008,35.45041666666668,41.062649999999984,38.40611666666665,30.526983333333327,0.5484166666666668,2024-01-02 12:20:00,PUMP_001,0,2,0
2181,161.26765166666743,109.64258700000047,2.0099963333333406,35.45218333333334,41.04813333333331,38.41015,30.5091,0.5513166666666667,2024-01-02 12:21:00,PUMP_001,0,2,0
2182,161.26011500000038,109.6396311666668,1.9984553333333297,35.447983333333354,41.042150000000014,38.40311666666665,30.530066666666663,0.5475999999999998,2024-01-02 12:22:00,PUMP_001,0,2,0
2183,161.25661499999984,109.64128716666728,2.007103500000005,35.44293333333334,41.04518333333332,38.392933333333325,30.48558333333333,0.5493333333333335,2024-01-02 12:23:00,PUMP_001,0,2,0
2184,161.25792833333364,109.61625233333376,2.0045696666666704,35.433333333333344,41.02253333333335,38.39064999999999,30.473633333333336,0.5463000000000001,2024-01-02 12:24:00,PUMP_001,0,2,0
2185,161.26269666666636,109.6172883333342,2.000572166666671,35.41145000000002,41.02075000000001,38.37816666666666,30.498016666666665,0.5470166666666667,2024-01-02 12:25:00,PUMP_001,0,2,0
2186,161.2058533333324,109.77660033333385,1.993402833333332,35.40493333333335,41.01938333333335,38.38609999999999,30.538516666666663,0.5474833333333334,2024-01-02 12:26:00,PUMP_001,0,2,0
2187,161.22151166666652,109.76070916666691,2.004699000000001,35.39768333333335,41.00718333333334,38.37823333333333,30.44316666666667,0.5484500000000001,2024-01-02 12:27:00,PUMP_001,0,2,0
2188,161.20608833333307,109.7538285000004,2.000701500000004,35.39101666666667,41.00728333333334,38.36293333333333,30.528666666666656,0.5463333333333331,2024-01-02 12:28:00,PUMP_001,0,2,0
2189,161.22314833333294,109.78072449999982,2.0026713333333324,35.380583333333334,40.99454999999999,38.35611666666667,30.474416666666663,0.5494166666666668,2024-01-02 12:29:00,PUMP_001,0,2,0
2190,161.21355833333266,109.77364349999984,1.989976166666675,35.36501666666666,40.97998333333333,38.34861666666666,30.473450000000007,0.5528833333333335,2024-01-02 12:30:00,PUMP_001,0,2,0
2191,161.21761999999973,109.78703850000018,2.002196833333332,35.38126666666667,40.98691666666668,38.34948333333334,30.452700000000004,0.5513666666666667,2024-01-02 12:31:00,PUMP_001,0,2,0
2192,161.23459333333355,109.79659316666704,2.006669999999997,35.365783333333326,40.97950000000001,38.31918333333335,30.517733333333336,0.5495,2024-01-02 12:32:00,PUMP_001,0,2,0
2193,161.22672166666638,109.79173000000016,1.9937578333333248,35.35593333333332,40.97261666666667,38.319350000000014,30.437733333333323,0.5517333333333333,2024-01-02 12:33:00,PUMP_001,0,2,0
2194,161.22756333333294,109.81559633333389,2.0018986666666674,35.35743333333333,40.97774999999999,38.31908333333335,30.4754,0.5533833333333333,2024-01-02 12:34:00,PUMP_001,0,2,0
2195,161.20731666666674,109.75929150000046,2.002790333333336,35.34291666666666,40.96275000000001,38.31816666666668,30.404183333333343,0.5504166666666667,2024-01-02 12:35:00,PUMP_001,0,2,0
2196,161.22670000000016,109.78835616666692,2.0010488333333343,35.326816666666666,40.92131666666667,38.31121666666668,30.4174,0.5527666666666666,2024-01-02 12:36:00,PUMP_001,0,2,0
2197,161.23561166666704,109.79978649999995,2.0005343333333347,35.330216666666665,40.91365,38.303450000000005,30.48611666666667,0.5500666666666667,2024-01-02 12:37:00,PUMP_001,0,2,0
2198,161.24421666666635,109.80741100000026,1.9968369999999989,35.333033333333326,40.922583333333336,38.28208333333334,30.42095,0.5493,2024-01-02 12:38:00,PUMP_001,0,2,0
2199,161.2353733333329,109.80176066666682,1.994049500000004,35.32081666666667,40.90095,38.276066666666665,30.462949999999992,0.5515166666666668,2024-01-02 12:39:00,PUMP_001,0,2,0
2200,161.2275716666669,109.77958116666647,2.001437500000002,35.31378333333334,40.8748,38.269266666666674,30.404733333333336,0.5508333333333334,2024-01-02 12:40:00,PUMP_001,0,2,0
2201,161.20606999999936,109.78748050000024,1.998780666666661,35.3216,40.868883333333336,38.26825,30.41623333333334,0.5474833333333333,2024-01-02 12:41:00,PUMP_001,0,2,0
2202,161.19212000000007,109.75617433333336,1.9934361666666591,35.31918333333333,40.87595,38.24636666666665,30.42625,0.5452333333333335,2024-01-02 12:42:00,PUMP_001,0,2,0
2203,161.20891666666623,109.7938838333338,2.0070768333333326,35.32476666666666,40.876066666666674,38.24573333333333,30.414283333333334,0.5370166666666666,2024-01-02 12:43:00,PUMP_001,0,2,0
2204,161.2171283333334,109.79217650000002,2.002690166666668,35.32223333333333,40.8594,38.24891666666667,30.3908,0.5465833333333331,2024-01-02 12:44:00,PUMP_001,0,2,0
